09:08:54.938 INFO  [background-preinit]org.hibernate.validator.internal.util.Version - HV000001: Hibernate Validator 8.0.2.Final
09:08:54.979 INFO  [main]com.example.quiz13.Quiz13Application - Starting Quiz13Application using Java 21.0.5 with PID 66236 (C:\learnFullstack\java\java_project\quiz13\bin\main started by user in C:\learnFullstack\java\java_project\quiz13)
09:08:54.980 INFO  [main]com.example.quiz13.Quiz13Application - No active profile set, falling back to 1 default profile: "default"
09:08:55.548 INFO  [main]o.s.d.r.config.RepositoryConfigurationDelegate - Bootstrapping Spring Data JPA repositories in DEFAULT mode.
09:08:55.609 INFO  [main]o.s.d.r.config.RepositoryConfigurationDelegate - Finished Spring Data repository scanning in 44 ms. Found 3 JPA repository interfaces.
09:08:55.967 INFO  [main]o.s.boot.web.embedded.tomcat.TomcatWebServer - Tomcat initialized with port 8080 (http)
09:08:55.977 INFO  [main]org.apache.coyote.http11.Http11NioProtocol - Initializing ProtocolHandler ["http-nio-8080"]
09:08:55.978 INFO  [main]org.apache.catalina.core.StandardService - Starting service [Tomcat]
09:08:55.979 INFO  [main]org.apache.catalina.core.StandardEngine - Starting Servlet engine: [Apache Tomcat/10.1.39]
09:08:56.026 INFO  [main]o.a.c.core.ContainerBase.[Tomcat].[localhost].[/] - Initializing Spring embedded WebApplicationContext
09:08:56.026 INFO  [main]o.s.b.w.s.c.ServletWebServerApplicationContext - Root WebApplicationContext: initialization completed in 1020 ms
09:08:56.130 INFO  [main]com.zaxxer.hikari.HikariDataSource - HikariPool-1 - Starting...
09:08:56.270 INFO  [main]com.zaxxer.hikari.pool.HikariPool - HikariPool-1 - Added connection com.mysql.cj.jdbc.ConnectionImpl@7a083b96
09:08:56.271 INFO  [main]com.zaxxer.hikari.HikariDataSource - HikariPool-1 - Start completed.
09:08:56.303 INFO  [main]org.hibernate.jpa.internal.util.LogHelper - HHH000204: Processing PersistenceUnitInfo [name: default]
09:08:56.340 INFO  [main]org.hibernate.Version - HHH000412: Hibernate ORM core version 6.6.11.Final
09:08:56.364 INFO  [main]o.hibernate.cache.internal.RegionFactoryInitiator - HHH000026: Second-level cache disabled
09:08:56.585 INFO  [main]o.s.o.j.persistenceunit.SpringPersistenceUnitInfo - No LoadTimeWeaver setup: ignoring JPA class transformer
09:08:56.666 INFO  [main]org.hibernate.orm.connections.pooling - HHH10001005: Database info:
	Database JDBC URL [Connecting through datasource 'HikariDataSource (HikariPool-1)']
	Database driver: undefined/unknown
	Database version: 8.0.41
	Autocommit mode: undefined/unknown
	Isolation level: undefined/unknown
	Minimum pool size: undefined/unknown
	Maximum pool size: undefined/unknown
09:08:56.856 WARN  [main]org.hibernate.mapping.RootClass - HHH000038: Composite-id class does not override equals(): com.example.quiz13.entity.QuestionId
09:08:56.856 WARN  [main]org.hibernate.mapping.RootClass - HHH000039: Composite-id class does not override hashCode(): com.example.quiz13.entity.QuestionId
09:08:56.857 WARN  [main]org.hibernate.mapping.RootClass - HHH000038: Composite-id class does not override equals(): com.example.quiz13.entity.FeedbackId
09:08:56.857 WARN  [main]org.hibernate.mapping.RootClass - HHH000039: Composite-id class does not override hashCode(): com.example.quiz13.entity.FeedbackId
09:08:57.158 INFO  [main]o.h.e.t.jta.platform.internal.JtaPlatformInitiator - HHH000489: No JTA platform available (set 'hibernate.transaction.jta.platform' to enable JTA platform integration)
09:08:57.160 INFO  [main]o.s.orm.jpa.LocalContainerEntityManagerFactoryBean - Initialized JPA EntityManagerFactory for persistence unit 'default'
09:08:57.369 INFO  [main]o.s.data.jpa.repository.query.QueryEnhancerFactory - Hibernate is in classpath; If applicable, HQL parser will be used.
09:08:57.962 WARN  [main]o.s.b.a.o.j.JpaBaseConfiguration$JpaWebConfiguration - spring.jpa.open-in-view is enabled by default. Therefore, database queries may be performed during view rendering. Explicitly configure spring.jpa.open-in-view to disable this warning
09:08:58.227 INFO  [main]org.apache.coyote.http11.Http11NioProtocol - Starting ProtocolHandler ["http-nio-8080"]
09:08:58.243 INFO  [main]o.s.boot.web.embedded.tomcat.TomcatWebServer - Tomcat started on port 8080 (http) with context path '/'
09:08:58.249 INFO  [main]com.example.quiz13.Quiz13Application - Started Quiz13Application in 3.642 seconds (process running for 3.874)
09:09:12.141 INFO  [http-nio-8080-exec-1]o.a.c.core.ContainerBase.[Tomcat].[localhost].[/] - Initializing Spring DispatcherServlet 'dispatcherServlet'
09:09:12.142 INFO  [http-nio-8080-exec-1]org.springframework.web.servlet.DispatcherServlet - Initializing Servlet 'dispatcherServlet'
09:09:12.142 INFO  [http-nio-8080-exec-1]org.springframework.web.servlet.DispatcherServlet - Completed initialization in 0 ms
09:59:04.631 INFO  [background-preinit]org.hibernate.validator.internal.util.Version - HV000001: Hibernate Validator 8.0.2.Final
09:59:04.673 INFO  [main]com.example.quiz13.Quiz13Application - Starting Quiz13Application using Java 21.0.5 with PID 57512 (C:\learnFullstack\java\java_project\quiz13\bin\main started by user in C:\learnFullstack\java\java_project\quiz13)
09:59:04.673 INFO  [main]com.example.quiz13.Quiz13Application - No active profile set, falling back to 1 default profile: "default"
09:59:05.154 INFO  [main]o.s.d.r.config.RepositoryConfigurationDelegate - Bootstrapping Spring Data JPA repositories in DEFAULT mode.
09:59:05.204 INFO  [main]o.s.d.r.config.RepositoryConfigurationDelegate - Finished Spring Data repository scanning in 43 ms. Found 3 JPA repository interfaces.
09:59:05.575 INFO  [main]o.s.boot.web.embedded.tomcat.TomcatWebServer - Tomcat initialized with port 8080 (http)
09:59:05.589 INFO  [main]org.apache.coyote.http11.Http11NioProtocol - Initializing ProtocolHandler ["http-nio-8080"]
09:59:05.591 INFO  [main]org.apache.catalina.core.StandardService - Starting service [Tomcat]
09:59:05.591 INFO  [main]org.apache.catalina.core.StandardEngine - Starting Servlet engine: [Apache Tomcat/10.1.39]
09:59:05.640 INFO  [main]o.a.c.core.ContainerBase.[Tomcat].[localhost].[/] - Initializing Spring embedded WebApplicationContext
09:59:05.640 INFO  [main]o.s.b.w.s.c.ServletWebServerApplicationContext - Root WebApplicationContext: initialization completed in 939 ms
09:59:05.756 INFO  [main]com.zaxxer.hikari.HikariDataSource - HikariPool-1 - Starting...
09:59:05.898 INFO  [main]com.zaxxer.hikari.pool.HikariPool - HikariPool-1 - Added connection com.mysql.cj.jdbc.ConnectionImpl@172f4514
09:59:05.899 INFO  [main]com.zaxxer.hikari.HikariDataSource - HikariPool-1 - Start completed.
09:59:05.926 INFO  [main]org.hibernate.jpa.internal.util.LogHelper - HHH000204: Processing PersistenceUnitInfo [name: default]
09:59:05.956 INFO  [main]org.hibernate.Version - HHH000412: Hibernate ORM core version 6.6.11.Final
09:59:05.982 INFO  [main]o.hibernate.cache.internal.RegionFactoryInitiator - HHH000026: Second-level cache disabled
09:59:06.194 INFO  [main]o.s.o.j.persistenceunit.SpringPersistenceUnitInfo - No LoadTimeWeaver setup: ignoring JPA class transformer
09:59:06.271 INFO  [main]org.hibernate.orm.connections.pooling - HHH10001005: Database info:
	Database JDBC URL [Connecting through datasource 'HikariDataSource (HikariPool-1)']
	Database driver: undefined/unknown
	Database version: 8.0.41
	Autocommit mode: undefined/unknown
	Isolation level: undefined/unknown
	Minimum pool size: undefined/unknown
	Maximum pool size: undefined/unknown
09:59:06.454 WARN  [main]org.hibernate.mapping.RootClass - HHH000038: Composite-id class does not override equals(): com.example.quiz13.entity.QuestionId
09:59:06.454 WARN  [main]org.hibernate.mapping.RootClass - HHH000039: Composite-id class does not override hashCode(): com.example.quiz13.entity.QuestionId
09:59:06.454 WARN  [main]org.hibernate.mapping.RootClass - HHH000038: Composite-id class does not override equals(): com.example.quiz13.entity.FeedbackId
09:59:06.454 WARN  [main]org.hibernate.mapping.RootClass - HHH000039: Composite-id class does not override hashCode(): com.example.quiz13.entity.FeedbackId
09:59:06.760 INFO  [main]o.h.e.t.jta.platform.internal.JtaPlatformInitiator - HHH000489: No JTA platform available (set 'hibernate.transaction.jta.platform' to enable JTA platform integration)
09:59:06.763 INFO  [main]o.s.orm.jpa.LocalContainerEntityManagerFactoryBean - Initialized JPA EntityManagerFactory for persistence unit 'default'
09:59:06.953 INFO  [main]o.s.data.jpa.repository.query.QueryEnhancerFactory - Hibernate is in classpath; If applicable, HQL parser will be used.
09:59:07.550 WARN  [main]o.s.b.a.o.j.JpaBaseConfiguration$JpaWebConfiguration - spring.jpa.open-in-view is enabled by default. Therefore, database queries may be performed during view rendering. Explicitly configure spring.jpa.open-in-view to disable this warning
09:59:07.826 INFO  [main]org.apache.coyote.http11.Http11NioProtocol - Starting ProtocolHandler ["http-nio-8080"]
09:59:07.843 INFO  [main]o.s.boot.web.embedded.tomcat.TomcatWebServer - Tomcat started on port 8080 (http) with context path '/'
09:59:07.848 INFO  [main]com.example.quiz13.Quiz13Application - Started Quiz13Application in 3.544 seconds (process running for 3.776)
09:59:12.392 INFO  [http-nio-8080-exec-2]o.a.c.core.ContainerBase.[Tomcat].[localhost].[/] - Initializing Spring DispatcherServlet 'dispatcherServlet'
09:59:12.392 INFO  [http-nio-8080-exec-2]org.springframework.web.servlet.DispatcherServlet - Initializing Servlet 'dispatcherServlet'
09:59:12.393 INFO  [http-nio-8080-exec-2]org.springframework.web.servlet.DispatcherServlet - Completed initialization in 0 ms
12:40:00.517 INFO  [background-preinit]org.hibernate.validator.internal.util.Version - HV000001: Hibernate Validator 8.0.2.Final
12:40:00.572 INFO  [main]com.example.quiz13.Quiz13Application - Starting Quiz13Application using Java 21.0.5 with PID 74832 (C:\learnFullstack\java\java_project\quiz13\bin\main started by user in C:\learnFullstack\java\java_project\quiz13)
12:40:00.573 INFO  [main]com.example.quiz13.Quiz13Application - No active profile set, falling back to 1 default profile: "default"
12:40:01.450 INFO  [main]o.s.d.r.config.RepositoryConfigurationDelegate - Bootstrapping Spring Data JPA repositories in DEFAULT mode.
12:40:01.513 INFO  [main]o.s.d.r.config.RepositoryConfigurationDelegate - Finished Spring Data repository scanning in 54 ms. Found 3 JPA repository interfaces.
12:40:01.951 INFO  [main]o.s.boot.web.embedded.tomcat.TomcatWebServer - Tomcat initialized with port 8080 (http)
12:40:01.965 INFO  [main]org.apache.coyote.http11.Http11NioProtocol - Initializing ProtocolHandler ["http-nio-8080"]
12:40:01.966 INFO  [main]org.apache.catalina.core.StandardService - Starting service [Tomcat]
12:40:01.966 INFO  [main]org.apache.catalina.core.StandardEngine - Starting Servlet engine: [Apache Tomcat/10.1.39]
12:40:02.028 INFO  [main]o.a.c.core.ContainerBase.[Tomcat].[localhost].[/] - Initializing Spring embedded WebApplicationContext
12:40:02.028 INFO  [main]o.s.b.w.s.c.ServletWebServerApplicationContext - Root WebApplicationContext: initialization completed in 1424 ms
12:40:02.157 INFO  [main]com.zaxxer.hikari.HikariDataSource - HikariPool-1 - Starting...
12:40:02.332 INFO  [main]com.zaxxer.hikari.pool.HikariPool - HikariPool-1 - Added connection com.mysql.cj.jdbc.ConnectionImpl@72028a45
12:40:02.334 INFO  [main]com.zaxxer.hikari.HikariDataSource - HikariPool-1 - Start completed.
12:40:02.368 INFO  [main]org.hibernate.jpa.internal.util.LogHelper - HHH000204: Processing PersistenceUnitInfo [name: default]
12:40:02.421 INFO  [main]org.hibernate.Version - HHH000412: Hibernate ORM core version 6.6.11.Final
12:40:02.455 INFO  [main]o.hibernate.cache.internal.RegionFactoryInitiator - HHH000026: Second-level cache disabled
12:40:02.721 INFO  [main]o.s.o.j.persistenceunit.SpringPersistenceUnitInfo - No LoadTimeWeaver setup: ignoring JPA class transformer
12:40:02.812 INFO  [main]org.hibernate.orm.connections.pooling - HHH10001005: Database info:
	Database JDBC URL [Connecting through datasource 'HikariDataSource (HikariPool-1)']
	Database driver: undefined/unknown
	Database version: 8.0.41
	Autocommit mode: undefined/unknown
	Isolation level: undefined/unknown
	Minimum pool size: undefined/unknown
	Maximum pool size: undefined/unknown
12:40:03.043 WARN  [main]org.hibernate.mapping.RootClass - HHH000038: Composite-id class does not override equals(): com.example.quiz13.entity.QuestionId
12:40:03.043 WARN  [main]org.hibernate.mapping.RootClass - HHH000039: Composite-id class does not override hashCode(): com.example.quiz13.entity.QuestionId
12:40:03.043 WARN  [main]org.hibernate.mapping.RootClass - HHH000038: Composite-id class does not override equals(): com.example.quiz13.entity.FeedbackId
12:40:03.043 WARN  [main]org.hibernate.mapping.RootClass - HHH000039: Composite-id class does not override hashCode(): com.example.quiz13.entity.FeedbackId
12:40:03.441 INFO  [main]o.h.e.t.jta.platform.internal.JtaPlatformInitiator - HHH000489: No JTA platform available (set 'hibernate.transaction.jta.platform' to enable JTA platform integration)
12:40:03.443 INFO  [main]o.s.orm.jpa.LocalContainerEntityManagerFactoryBean - Initialized JPA EntityManagerFactory for persistence unit 'default'
12:40:03.672 INFO  [main]o.s.data.jpa.repository.query.QueryEnhancerFactory - Hibernate is in classpath; If applicable, HQL parser will be used.
12:40:04.383 WARN  [main]o.s.b.a.o.j.JpaBaseConfiguration$JpaWebConfiguration - spring.jpa.open-in-view is enabled by default. Therefore, database queries may be performed during view rendering. Explicitly configure spring.jpa.open-in-view to disable this warning
12:40:04.740 INFO  [main]org.apache.coyote.http11.Http11NioProtocol - Starting ProtocolHandler ["http-nio-8080"]
12:40:04.747 WARN  [main]o.s.b.w.s.c.AnnotationConfigServletWebServerApplicationContext - Exception encountered during context initialization - cancelling refresh attempt: org.springframework.context.ApplicationContextException: Failed to start bean 'webServerStartStop'
12:40:04.749 INFO  [main]o.s.orm.jpa.LocalContainerEntityManagerFactoryBean - Closing JPA EntityManagerFactory for persistence unit 'default'
12:40:04.752 INFO  [main]com.zaxxer.hikari.HikariDataSource - HikariPool-1 - Shutdown initiated...
12:40:04.758 INFO  [main]com.zaxxer.hikari.HikariDataSource - HikariPool-1 - Shutdown completed.
12:40:04.771 INFO  [main]o.s.b.a.logging.ConditionEvaluationReportLogger - 

Error starting ApplicationContext. To display the condition evaluation report re-run your application with 'debug' enabled.
12:40:04.792 ERROR [main]o.s.b.diagnostics.LoggingFailureAnalysisReporter - 

***************************
APPLICATION FAILED TO START
***************************

Description:

Web server failed to start. Port 8080 was already in use.

Action:

Identify and stop the process that's listening on port 8080 or configure this application to listen on another port.

12:40:14.052 INFO  [background-preinit]org.hibernate.validator.internal.util.Version - HV000001: Hibernate Validator 8.0.2.Final
12:40:14.105 INFO  [main]com.example.quiz13.Quiz13Application - Starting Quiz13Application using Java 21.0.5 with PID 75176 (C:\learnFullstack\java\java_project\quiz13\bin\main started by user in C:\learnFullstack\java\java_project\quiz13)
12:40:14.106 INFO  [main]com.example.quiz13.Quiz13Application - No active profile set, falling back to 1 default profile: "default"
12:40:14.666 INFO  [main]o.s.d.r.config.RepositoryConfigurationDelegate - Bootstrapping Spring Data JPA repositories in DEFAULT mode.
12:40:14.721 INFO  [main]o.s.d.r.config.RepositoryConfigurationDelegate - Finished Spring Data repository scanning in 47 ms. Found 3 JPA repository interfaces.
12:40:15.167 INFO  [main]o.s.boot.web.embedded.tomcat.TomcatWebServer - Tomcat initialized with port 8080 (http)
12:40:15.183 INFO  [main]org.apache.coyote.http11.Http11NioProtocol - Initializing ProtocolHandler ["http-nio-8080"]
12:40:15.184 INFO  [main]org.apache.catalina.core.StandardService - Starting service [Tomcat]
12:40:15.184 INFO  [main]org.apache.catalina.core.StandardEngine - Starting Servlet engine: [Apache Tomcat/10.1.39]
12:40:15.238 INFO  [main]o.a.c.core.ContainerBase.[Tomcat].[localhost].[/] - Initializing Spring embedded WebApplicationContext
12:40:15.238 INFO  [main]o.s.b.w.s.c.ServletWebServerApplicationContext - Root WebApplicationContext: initialization completed in 1101 ms
12:40:15.371 INFO  [main]com.zaxxer.hikari.HikariDataSource - HikariPool-1 - Starting...
12:40:15.528 INFO  [main]com.zaxxer.hikari.pool.HikariPool - HikariPool-1 - Added connection com.mysql.cj.jdbc.ConnectionImpl@6da4feeb
12:40:15.529 INFO  [main]com.zaxxer.hikari.HikariDataSource - HikariPool-1 - Start completed.
12:40:15.563 INFO  [main]org.hibernate.jpa.internal.util.LogHelper - HHH000204: Processing PersistenceUnitInfo [name: default]
12:40:15.596 INFO  [main]org.hibernate.Version - HHH000412: Hibernate ORM core version 6.6.11.Final
12:40:15.627 INFO  [main]o.hibernate.cache.internal.RegionFactoryInitiator - HHH000026: Second-level cache disabled
12:40:15.875 INFO  [main]o.s.o.j.persistenceunit.SpringPersistenceUnitInfo - No LoadTimeWeaver setup: ignoring JPA class transformer
12:40:15.953 INFO  [main]org.hibernate.orm.connections.pooling - HHH10001005: Database info:
	Database JDBC URL [Connecting through datasource 'HikariDataSource (HikariPool-1)']
	Database driver: undefined/unknown
	Database version: 8.0.41
	Autocommit mode: undefined/unknown
	Isolation level: undefined/unknown
	Minimum pool size: undefined/unknown
	Maximum pool size: undefined/unknown
12:40:16.159 WARN  [main]org.hibernate.mapping.RootClass - HHH000038: Composite-id class does not override equals(): com.example.quiz13.entity.QuestionId
12:40:16.159 WARN  [main]org.hibernate.mapping.RootClass - HHH000039: Composite-id class does not override hashCode(): com.example.quiz13.entity.QuestionId
12:40:16.159 WARN  [main]org.hibernate.mapping.RootClass - HHH000038: Composite-id class does not override equals(): com.example.quiz13.entity.FeedbackId
12:40:16.159 WARN  [main]org.hibernate.mapping.RootClass - HHH000039: Composite-id class does not override hashCode(): com.example.quiz13.entity.FeedbackId
12:40:16.532 INFO  [main]o.h.e.t.jta.platform.internal.JtaPlatformInitiator - HHH000489: No JTA platform available (set 'hibernate.transaction.jta.platform' to enable JTA platform integration)
12:40:16.535 INFO  [main]o.s.orm.jpa.LocalContainerEntityManagerFactoryBean - Initialized JPA EntityManagerFactory for persistence unit 'default'
12:40:16.793 INFO  [main]o.s.data.jpa.repository.query.QueryEnhancerFactory - Hibernate is in classpath; If applicable, HQL parser will be used.
12:40:17.553 WARN  [main]o.s.b.a.o.j.JpaBaseConfiguration$JpaWebConfiguration - spring.jpa.open-in-view is enabled by default. Therefore, database queries may be performed during view rendering. Explicitly configure spring.jpa.open-in-view to disable this warning
12:40:17.936 INFO  [main]org.apache.coyote.http11.Http11NioProtocol - Starting ProtocolHandler ["http-nio-8080"]
12:40:17.964 INFO  [main]o.s.boot.web.embedded.tomcat.TomcatWebServer - Tomcat started on port 8080 (http) with context path '/'
12:40:17.974 INFO  [main]com.example.quiz13.Quiz13Application - Started Quiz13Application in 4.294 seconds (process running for 4.554)
12:43:14.507 INFO  [http-nio-8080-exec-1]o.a.c.core.ContainerBase.[Tomcat].[localhost].[/] - Initializing Spring DispatcherServlet 'dispatcherServlet'
12:43:14.507 INFO  [http-nio-8080-exec-1]org.springframework.web.servlet.DispatcherServlet - Initializing Servlet 'dispatcherServlet'
12:43:14.508 INFO  [http-nio-8080-exec-1]org.springframework.web.servlet.DispatcherServlet - Completed initialization in 1 ms
16:22:34.924 WARN  [http-nio-8080-exec-10]org.hibernate.engine.jdbc.spi.SqlExceptionHelper - SQL Error: 1054, SQLState: 42S22
16:22:34.926 ERROR [http-nio-8080-exec-10]org.hibernate.engine.jdbc.spi.SqlExceptionHelper - Unknown column 'id' in 'where clause'
16:22:34.946 ERROR [http-nio-8080-exec-10]o.a.c.c.C.[.[localhost].[/].[dispatcherServlet] - Servlet.service() for servlet [dispatcherServlet] in context with path [] threw exception [Request processing failed: org.springframework.transaction.UnexpectedRollbackException: Transaction silently rolled back because it has been marked as rollback-only] with root cause
org.springframework.transaction.UnexpectedRollbackException: Transaction silently rolled back because it has been marked as rollback-only
	at org.springframework.transaction.support.AbstractPlatformTransactionManager.processCommit(AbstractPlatformTransactionManager.java:804)
	at org.springframework.transaction.support.AbstractPlatformTransactionManager.commit(AbstractPlatformTransactionManager.java:758)
	at org.springframework.transaction.interceptor.TransactionAspectSupport.commitTransactionAfterReturning(TransactionAspectSupport.java:698)
	at org.springframework.transaction.interceptor.TransactionAspectSupport.invokeWithinTransaction(TransactionAspectSupport.java:416)
	at org.springframework.transaction.interceptor.TransactionInterceptor.invoke(TransactionInterceptor.java:119)
	at org.springframework.aop.framework.ReflectiveMethodInvocation.proceed(ReflectiveMethodInvocation.java:184)
	at org.springframework.aop.framework.CglibAopProxy$DynamicAdvisedInterceptor.intercept(CglibAopProxy.java:727)
	at com.example.quiz13.service.impl.QuizServiceImpl$$SpringCGLIB$$0.update(<generated>)
	at com.example.quiz13.controller.QuizServiceController.update(QuizServiceController.java:52)
	at java.base/jdk.internal.reflect.DirectMethodHandleAccessor.invoke(DirectMethodHandleAccessor.java:103)
	at java.base/java.lang.reflect.Method.invoke(Method.java:580)
	at org.springframework.web.method.support.InvocableHandlerMethod.doInvoke(InvocableHandlerMethod.java:258)
	at org.springframework.web.method.support.InvocableHandlerMethod.invokeForRequest(InvocableHandlerMethod.java:191)
	at org.springframework.web.servlet.mvc.method.annotation.ServletInvocableHandlerMethod.invokeAndHandle(ServletInvocableHandlerMethod.java:118)
	at org.springframework.web.servlet.mvc.method.annotation.RequestMappingHandlerAdapter.invokeHandlerMethod(RequestMappingHandlerAdapter.java:986)
	at org.springframework.web.servlet.mvc.method.annotation.RequestMappingHandlerAdapter.handleInternal(RequestMappingHandlerAdapter.java:891)
	at org.springframework.web.servlet.mvc.method.AbstractHandlerMethodAdapter.handle(AbstractHandlerMethodAdapter.java:87)
	at org.springframework.web.servlet.DispatcherServlet.doDispatch(DispatcherServlet.java:1089)
	at org.springframework.web.servlet.DispatcherServlet.doService(DispatcherServlet.java:979)
	at org.springframework.web.servlet.FrameworkServlet.processRequest(FrameworkServlet.java:1014)
	at org.springframework.web.servlet.FrameworkServlet.doPost(FrameworkServlet.java:914)
	at jakarta.servlet.http.HttpServlet.service(HttpServlet.java:590)
	at org.springframework.web.servlet.FrameworkServlet.service(FrameworkServlet.java:885)
	at jakarta.servlet.http.HttpServlet.service(HttpServlet.java:658)
	at org.apache.catalina.core.ApplicationFilterChain.internalDoFilter(ApplicationFilterChain.java:195)
	at org.apache.catalina.core.ApplicationFilterChain.doFilter(ApplicationFilterChain.java:140)
	at org.apache.tomcat.websocket.server.WsFilter.doFilter(WsFilter.java:51)
	at org.apache.catalina.core.ApplicationFilterChain.internalDoFilter(ApplicationFilterChain.java:164)
	at org.apache.catalina.core.ApplicationFilterChain.doFilter(ApplicationFilterChain.java:140)
	at org.springframework.web.filter.RequestContextFilter.doFilterInternal(RequestContextFilter.java:100)
	at org.springframework.web.filter.OncePerRequestFilter.doFilter(OncePerRequestFilter.java:116)
	at org.apache.catalina.core.ApplicationFilterChain.internalDoFilter(ApplicationFilterChain.java:164)
	at org.apache.catalina.core.ApplicationFilterChain.doFilter(ApplicationFilterChain.java:140)
	at org.springframework.web.filter.FormContentFilter.doFilterInternal(FormContentFilter.java:93)
	at org.springframework.web.filter.OncePerRequestFilter.doFilter(OncePerRequestFilter.java:116)
	at org.apache.catalina.core.ApplicationFilterChain.internalDoFilter(ApplicationFilterChain.java:164)
	at org.apache.catalina.core.ApplicationFilterChain.doFilter(ApplicationFilterChain.java:140)
	at org.springframework.web.filter.CharacterEncodingFilter.doFilterInternal(CharacterEncodingFilter.java:201)
	at org.springframework.web.filter.OncePerRequestFilter.doFilter(OncePerRequestFilter.java:116)
	at org.apache.catalina.core.ApplicationFilterChain.internalDoFilter(ApplicationFilterChain.java:164)
	at org.apache.catalina.core.ApplicationFilterChain.doFilter(ApplicationFilterChain.java:140)
	at org.apache.catalina.core.StandardWrapperValve.invoke(StandardWrapperValve.java:167)
	at org.apache.catalina.core.StandardContextValve.invoke(StandardContextValve.java:90)
	at org.apache.catalina.authenticator.AuthenticatorBase.invoke(AuthenticatorBase.java:483)
	at org.apache.catalina.core.StandardHostValve.invoke(StandardHostValve.java:115)
	at org.apache.catalina.valves.ErrorReportValve.invoke(ErrorReportValve.java:93)
	at org.apache.catalina.core.StandardEngineValve.invoke(StandardEngineValve.java:74)
	at org.apache.catalina.connector.CoyoteAdapter.service(CoyoteAdapter.java:344)
	at org.apache.coyote.http11.Http11Processor.service(Http11Processor.java:397)
	at org.apache.coyote.AbstractProcessorLight.process(AbstractProcessorLight.java:63)
	at org.apache.coyote.AbstractProtocol$ConnectionHandler.process(AbstractProtocol.java:905)
	at org.apache.tomcat.util.net.NioEndpoint$SocketProcessor.doRun(NioEndpoint.java:1743)
	at org.apache.tomcat.util.net.SocketProcessorBase.run(SocketProcessorBase.java:52)
	at org.apache.tomcat.util.threads.ThreadPoolExecutor.runWorker(ThreadPoolExecutor.java:1190)
	at org.apache.tomcat.util.threads.ThreadPoolExecutor$Worker.run(ThreadPoolExecutor.java:659)
	at org.apache.tomcat.util.threads.TaskThread$WrappingRunnable.run(TaskThread.java:63)
	at java.base/java.lang.Thread.run(Thread.java:1583)
16:26:29.670 INFO  [background-preinit]org.hibernate.validator.internal.util.Version - HV000001: Hibernate Validator 8.0.2.Final
16:26:29.718 INFO  [main]com.example.quiz13.Quiz13Application - Starting Quiz13Application using Java 21.0.5 with PID 54772 (C:\learnFullstack\java\java_project\quiz13\bin\main started by user in C:\learnFullstack\java\java_project\quiz13)
16:26:29.719 INFO  [main]com.example.quiz13.Quiz13Application - No active profile set, falling back to 1 default profile: "default"
16:26:30.275 INFO  [main]o.s.d.r.config.RepositoryConfigurationDelegate - Bootstrapping Spring Data JPA repositories in DEFAULT mode.
16:26:30.328 INFO  [main]o.s.d.r.config.RepositoryConfigurationDelegate - Finished Spring Data repository scanning in 46 ms. Found 3 JPA repository interfaces.
16:26:30.755 INFO  [main]o.s.boot.web.embedded.tomcat.TomcatWebServer - Tomcat initialized with port 8080 (http)
16:26:30.768 INFO  [main]org.apache.coyote.http11.Http11NioProtocol - Initializing ProtocolHandler ["http-nio-8080"]
16:26:30.770 INFO  [main]org.apache.catalina.core.StandardService - Starting service [Tomcat]
16:26:30.770 INFO  [main]org.apache.catalina.core.StandardEngine - Starting Servlet engine: [Apache Tomcat/10.1.39]
16:26:30.826 INFO  [main]o.a.c.core.ContainerBase.[Tomcat].[localhost].[/] - Initializing Spring embedded WebApplicationContext
16:26:30.826 INFO  [main]o.s.b.w.s.c.ServletWebServerApplicationContext - Root WebApplicationContext: initialization completed in 1079 ms
16:26:30.951 INFO  [main]com.zaxxer.hikari.HikariDataSource - HikariPool-1 - Starting...
16:26:31.095 INFO  [main]com.zaxxer.hikari.pool.HikariPool - HikariPool-1 - Added connection com.mysql.cj.jdbc.ConnectionImpl@72028a45
16:26:31.097 INFO  [main]com.zaxxer.hikari.HikariDataSource - HikariPool-1 - Start completed.
16:26:31.128 INFO  [main]org.hibernate.jpa.internal.util.LogHelper - HHH000204: Processing PersistenceUnitInfo [name: default]
16:26:31.159 INFO  [main]org.hibernate.Version - HHH000412: Hibernate ORM core version 6.6.11.Final
16:26:31.187 INFO  [main]o.hibernate.cache.internal.RegionFactoryInitiator - HHH000026: Second-level cache disabled
16:26:31.407 INFO  [main]o.s.o.j.persistenceunit.SpringPersistenceUnitInfo - No LoadTimeWeaver setup: ignoring JPA class transformer
16:26:31.487 INFO  [main]org.hibernate.orm.connections.pooling - HHH10001005: Database info:
	Database JDBC URL [Connecting through datasource 'HikariDataSource (HikariPool-1)']
	Database driver: undefined/unknown
	Database version: 8.0.41
	Autocommit mode: undefined/unknown
	Isolation level: undefined/unknown
	Minimum pool size: undefined/unknown
	Maximum pool size: undefined/unknown
16:26:31.666 WARN  [main]org.hibernate.mapping.RootClass - HHH000038: Composite-id class does not override equals(): com.example.quiz13.entity.QuestionId
16:26:31.666 WARN  [main]org.hibernate.mapping.RootClass - HHH000039: Composite-id class does not override hashCode(): com.example.quiz13.entity.QuestionId
16:26:31.666 WARN  [main]org.hibernate.mapping.RootClass - HHH000038: Composite-id class does not override equals(): com.example.quiz13.entity.FeedbackId
16:26:31.666 WARN  [main]org.hibernate.mapping.RootClass - HHH000039: Composite-id class does not override hashCode(): com.example.quiz13.entity.FeedbackId
16:26:31.979 INFO  [main]o.h.e.t.jta.platform.internal.JtaPlatformInitiator - HHH000489: No JTA platform available (set 'hibernate.transaction.jta.platform' to enable JTA platform integration)
16:26:31.981 INFO  [main]o.s.orm.jpa.LocalContainerEntityManagerFactoryBean - Initialized JPA EntityManagerFactory for persistence unit 'default'
16:26:32.175 INFO  [main]o.s.data.jpa.repository.query.QueryEnhancerFactory - Hibernate is in classpath; If applicable, HQL parser will be used.
16:26:32.796 WARN  [main]o.s.b.a.o.j.JpaBaseConfiguration$JpaWebConfiguration - spring.jpa.open-in-view is enabled by default. Therefore, database queries may be performed during view rendering. Explicitly configure spring.jpa.open-in-view to disable this warning
16:26:33.111 INFO  [main]org.apache.coyote.http11.Http11NioProtocol - Starting ProtocolHandler ["http-nio-8080"]
16:26:33.126 INFO  [main]o.s.boot.web.embedded.tomcat.TomcatWebServer - Tomcat started on port 8080 (http) with context path '/'
16:26:33.132 INFO  [main]com.example.quiz13.Quiz13Application - Started Quiz13Application in 3.81 seconds (process running for 4.051)
16:26:36.774 INFO  [http-nio-8080-exec-1]o.a.c.core.ContainerBase.[Tomcat].[localhost].[/] - Initializing Spring DispatcherServlet 'dispatcherServlet'
16:26:36.774 INFO  [http-nio-8080-exec-1]org.springframework.web.servlet.DispatcherServlet - Initializing Servlet 'dispatcherServlet'
16:26:36.775 INFO  [http-nio-8080-exec-1]org.springframework.web.servlet.DispatcherServlet - Completed initialization in 1 ms
16:26:37.301 WARN  [http-nio-8080-exec-1]org.hibernate.engine.jdbc.spi.SqlExceptionHelper - SQL Error: 1054, SQLState: 42S22
16:26:37.301 ERROR [http-nio-8080-exec-1]org.hibernate.engine.jdbc.spi.SqlExceptionHelper - Unknown column 'id' in 'where clause'
16:26:37.309 ERROR [http-nio-8080-exec-1]o.a.c.c.C.[.[localhost].[/].[dispatcherServlet] - Servlet.service() for servlet [dispatcherServlet] in context with path [] threw exception [Request processing failed: org.springframework.transaction.UnexpectedRollbackException: Transaction silently rolled back because it has been marked as rollback-only] with root cause
org.springframework.transaction.UnexpectedRollbackException: Transaction silently rolled back because it has been marked as rollback-only
	at org.springframework.transaction.support.AbstractPlatformTransactionManager.processCommit(AbstractPlatformTransactionManager.java:804)
	at org.springframework.transaction.support.AbstractPlatformTransactionManager.commit(AbstractPlatformTransactionManager.java:758)
	at org.springframework.transaction.interceptor.TransactionAspectSupport.commitTransactionAfterReturning(TransactionAspectSupport.java:698)
	at org.springframework.transaction.interceptor.TransactionAspectSupport.invokeWithinTransaction(TransactionAspectSupport.java:416)
	at org.springframework.transaction.interceptor.TransactionInterceptor.invoke(TransactionInterceptor.java:119)
	at org.springframework.aop.framework.ReflectiveMethodInvocation.proceed(ReflectiveMethodInvocation.java:184)
	at org.springframework.aop.framework.CglibAopProxy$DynamicAdvisedInterceptor.intercept(CglibAopProxy.java:727)
	at com.example.quiz13.service.impl.QuizServiceImpl$$SpringCGLIB$$0.update(<generated>)
	at com.example.quiz13.controller.QuizServiceController.update(QuizServiceController.java:52)
	at java.base/jdk.internal.reflect.DirectMethodHandleAccessor.invoke(DirectMethodHandleAccessor.java:103)
	at java.base/java.lang.reflect.Method.invoke(Method.java:580)
	at org.springframework.web.method.support.InvocableHandlerMethod.doInvoke(InvocableHandlerMethod.java:258)
	at org.springframework.web.method.support.InvocableHandlerMethod.invokeForRequest(InvocableHandlerMethod.java:191)
	at org.springframework.web.servlet.mvc.method.annotation.ServletInvocableHandlerMethod.invokeAndHandle(ServletInvocableHandlerMethod.java:118)
	at org.springframework.web.servlet.mvc.method.annotation.RequestMappingHandlerAdapter.invokeHandlerMethod(RequestMappingHandlerAdapter.java:986)
	at org.springframework.web.servlet.mvc.method.annotation.RequestMappingHandlerAdapter.handleInternal(RequestMappingHandlerAdapter.java:891)
	at org.springframework.web.servlet.mvc.method.AbstractHandlerMethodAdapter.handle(AbstractHandlerMethodAdapter.java:87)
	at org.springframework.web.servlet.DispatcherServlet.doDispatch(DispatcherServlet.java:1089)
	at org.springframework.web.servlet.DispatcherServlet.doService(DispatcherServlet.java:979)
	at org.springframework.web.servlet.FrameworkServlet.processRequest(FrameworkServlet.java:1014)
	at org.springframework.web.servlet.FrameworkServlet.doPost(FrameworkServlet.java:914)
	at jakarta.servlet.http.HttpServlet.service(HttpServlet.java:590)
	at org.springframework.web.servlet.FrameworkServlet.service(FrameworkServlet.java:885)
	at jakarta.servlet.http.HttpServlet.service(HttpServlet.java:658)
	at org.apache.catalina.core.ApplicationFilterChain.internalDoFilter(ApplicationFilterChain.java:195)
	at org.apache.catalina.core.ApplicationFilterChain.doFilter(ApplicationFilterChain.java:140)
	at org.apache.tomcat.websocket.server.WsFilter.doFilter(WsFilter.java:51)
	at org.apache.catalina.core.ApplicationFilterChain.internalDoFilter(ApplicationFilterChain.java:164)
	at org.apache.catalina.core.ApplicationFilterChain.doFilter(ApplicationFilterChain.java:140)
	at org.springframework.web.filter.RequestContextFilter.doFilterInternal(RequestContextFilter.java:100)
	at org.springframework.web.filter.OncePerRequestFilter.doFilter(OncePerRequestFilter.java:116)
	at org.apache.catalina.core.ApplicationFilterChain.internalDoFilter(ApplicationFilterChain.java:164)
	at org.apache.catalina.core.ApplicationFilterChain.doFilter(ApplicationFilterChain.java:140)
	at org.springframework.web.filter.FormContentFilter.doFilterInternal(FormContentFilter.java:93)
	at org.springframework.web.filter.OncePerRequestFilter.doFilter(OncePerRequestFilter.java:116)
	at org.apache.catalina.core.ApplicationFilterChain.internalDoFilter(ApplicationFilterChain.java:164)
	at org.apache.catalina.core.ApplicationFilterChain.doFilter(ApplicationFilterChain.java:140)
	at org.springframework.web.filter.CharacterEncodingFilter.doFilterInternal(CharacterEncodingFilter.java:201)
	at org.springframework.web.filter.OncePerRequestFilter.doFilter(OncePerRequestFilter.java:116)
	at org.apache.catalina.core.ApplicationFilterChain.internalDoFilter(ApplicationFilterChain.java:164)
	at org.apache.catalina.core.ApplicationFilterChain.doFilter(ApplicationFilterChain.java:140)
	at org.apache.catalina.core.StandardWrapperValve.invoke(StandardWrapperValve.java:167)
	at org.apache.catalina.core.StandardContextValve.invoke(StandardContextValve.java:90)
	at org.apache.catalina.authenticator.AuthenticatorBase.invoke(AuthenticatorBase.java:483)
	at org.apache.catalina.core.StandardHostValve.invoke(StandardHostValve.java:115)
	at org.apache.catalina.valves.ErrorReportValve.invoke(ErrorReportValve.java:93)
	at org.apache.catalina.core.StandardEngineValve.invoke(StandardEngineValve.java:74)
	at org.apache.catalina.connector.CoyoteAdapter.service(CoyoteAdapter.java:344)
	at org.apache.coyote.http11.Http11Processor.service(Http11Processor.java:397)
	at org.apache.coyote.AbstractProcessorLight.process(AbstractProcessorLight.java:63)
	at org.apache.coyote.AbstractProtocol$ConnectionHandler.process(AbstractProtocol.java:905)
	at org.apache.tomcat.util.net.NioEndpoint$SocketProcessor.doRun(NioEndpoint.java:1743)
	at org.apache.tomcat.util.net.SocketProcessorBase.run(SocketProcessorBase.java:52)
	at org.apache.tomcat.util.threads.ThreadPoolExecutor.runWorker(ThreadPoolExecutor.java:1190)
	at org.apache.tomcat.util.threads.ThreadPoolExecutor$Worker.run(ThreadPoolExecutor.java:659)
	at org.apache.tomcat.util.threads.TaskThread$WrappingRunnable.run(TaskThread.java:63)
	at java.base/java.lang.Thread.run(Thread.java:1583)
16:27:30.049 WARN  [http-nio-8080-exec-3]org.hibernate.engine.jdbc.spi.SqlExceptionHelper - SQL Error: 1054, SQLState: 42S22
16:27:30.049 ERROR [http-nio-8080-exec-3]org.hibernate.engine.jdbc.spi.SqlExceptionHelper - Unknown column 'id' in 'where clause'
16:27:30.051 ERROR [http-nio-8080-exec-3]o.a.c.c.C.[.[localhost].[/].[dispatcherServlet] - Servlet.service() for servlet [dispatcherServlet] in context with path [] threw exception [Request processing failed: org.springframework.transaction.UnexpectedRollbackException: Transaction silently rolled back because it has been marked as rollback-only] with root cause
org.springframework.transaction.UnexpectedRollbackException: Transaction silently rolled back because it has been marked as rollback-only
	at org.springframework.transaction.support.AbstractPlatformTransactionManager.processCommit(AbstractPlatformTransactionManager.java:804)
	at org.springframework.transaction.support.AbstractPlatformTransactionManager.commit(AbstractPlatformTransactionManager.java:758)
	at org.springframework.transaction.interceptor.TransactionAspectSupport.commitTransactionAfterReturning(TransactionAspectSupport.java:698)
	at org.springframework.transaction.interceptor.TransactionAspectSupport.invokeWithinTransaction(TransactionAspectSupport.java:416)
	at org.springframework.transaction.interceptor.TransactionInterceptor.invoke(TransactionInterceptor.java:119)
	at org.springframework.aop.framework.ReflectiveMethodInvocation.proceed(ReflectiveMethodInvocation.java:184)
	at org.springframework.aop.framework.CglibAopProxy$DynamicAdvisedInterceptor.intercept(CglibAopProxy.java:727)
	at com.example.quiz13.service.impl.QuizServiceImpl$$SpringCGLIB$$0.update(<generated>)
	at com.example.quiz13.controller.QuizServiceController.update(QuizServiceController.java:52)
	at java.base/jdk.internal.reflect.DirectMethodHandleAccessor.invoke(DirectMethodHandleAccessor.java:103)
	at java.base/java.lang.reflect.Method.invoke(Method.java:580)
	at org.springframework.web.method.support.InvocableHandlerMethod.doInvoke(InvocableHandlerMethod.java:258)
	at org.springframework.web.method.support.InvocableHandlerMethod.invokeForRequest(InvocableHandlerMethod.java:191)
	at org.springframework.web.servlet.mvc.method.annotation.ServletInvocableHandlerMethod.invokeAndHandle(ServletInvocableHandlerMethod.java:118)
	at org.springframework.web.servlet.mvc.method.annotation.RequestMappingHandlerAdapter.invokeHandlerMethod(RequestMappingHandlerAdapter.java:986)
	at org.springframework.web.servlet.mvc.method.annotation.RequestMappingHandlerAdapter.handleInternal(RequestMappingHandlerAdapter.java:891)
	at org.springframework.web.servlet.mvc.method.AbstractHandlerMethodAdapter.handle(AbstractHandlerMethodAdapter.java:87)
	at org.springframework.web.servlet.DispatcherServlet.doDispatch(DispatcherServlet.java:1089)
	at org.springframework.web.servlet.DispatcherServlet.doService(DispatcherServlet.java:979)
	at org.springframework.web.servlet.FrameworkServlet.processRequest(FrameworkServlet.java:1014)
	at org.springframework.web.servlet.FrameworkServlet.doPost(FrameworkServlet.java:914)
	at jakarta.servlet.http.HttpServlet.service(HttpServlet.java:590)
	at org.springframework.web.servlet.FrameworkServlet.service(FrameworkServlet.java:885)
	at jakarta.servlet.http.HttpServlet.service(HttpServlet.java:658)
	at org.apache.catalina.core.ApplicationFilterChain.internalDoFilter(ApplicationFilterChain.java:195)
	at org.apache.catalina.core.ApplicationFilterChain.doFilter(ApplicationFilterChain.java:140)
	at org.apache.tomcat.websocket.server.WsFilter.doFilter(WsFilter.java:51)
	at org.apache.catalina.core.ApplicationFilterChain.internalDoFilter(ApplicationFilterChain.java:164)
	at org.apache.catalina.core.ApplicationFilterChain.doFilter(ApplicationFilterChain.java:140)
	at org.springframework.web.filter.RequestContextFilter.doFilterInternal(RequestContextFilter.java:100)
	at org.springframework.web.filter.OncePerRequestFilter.doFilter(OncePerRequestFilter.java:116)
	at org.apache.catalina.core.ApplicationFilterChain.internalDoFilter(ApplicationFilterChain.java:164)
	at org.apache.catalina.core.ApplicationFilterChain.doFilter(ApplicationFilterChain.java:140)
	at org.springframework.web.filter.FormContentFilter.doFilterInternal(FormContentFilter.java:93)
	at org.springframework.web.filter.OncePerRequestFilter.doFilter(OncePerRequestFilter.java:116)
	at org.apache.catalina.core.ApplicationFilterChain.internalDoFilter(ApplicationFilterChain.java:164)
	at org.apache.catalina.core.ApplicationFilterChain.doFilter(ApplicationFilterChain.java:140)
	at org.springframework.web.filter.CharacterEncodingFilter.doFilterInternal(CharacterEncodingFilter.java:201)
	at org.springframework.web.filter.OncePerRequestFilter.doFilter(OncePerRequestFilter.java:116)
	at org.apache.catalina.core.ApplicationFilterChain.internalDoFilter(ApplicationFilterChain.java:164)
	at org.apache.catalina.core.ApplicationFilterChain.doFilter(ApplicationFilterChain.java:140)
	at org.apache.catalina.core.StandardWrapperValve.invoke(StandardWrapperValve.java:167)
	at org.apache.catalina.core.StandardContextValve.invoke(StandardContextValve.java:90)
	at org.apache.catalina.authenticator.AuthenticatorBase.invoke(AuthenticatorBase.java:483)
	at org.apache.catalina.core.StandardHostValve.invoke(StandardHostValve.java:115)
	at org.apache.catalina.valves.ErrorReportValve.invoke(ErrorReportValve.java:93)
	at org.apache.catalina.core.StandardEngineValve.invoke(StandardEngineValve.java:74)
	at org.apache.catalina.connector.CoyoteAdapter.service(CoyoteAdapter.java:344)
	at org.apache.coyote.http11.Http11Processor.service(Http11Processor.java:397)
	at org.apache.coyote.AbstractProcessorLight.process(AbstractProcessorLight.java:63)
	at org.apache.coyote.AbstractProtocol$ConnectionHandler.process(AbstractProtocol.java:905)
	at org.apache.tomcat.util.net.NioEndpoint$SocketProcessor.doRun(NioEndpoint.java:1743)
	at org.apache.tomcat.util.net.SocketProcessorBase.run(SocketProcessorBase.java:52)
	at org.apache.tomcat.util.threads.ThreadPoolExecutor.runWorker(ThreadPoolExecutor.java:1190)
	at org.apache.tomcat.util.threads.ThreadPoolExecutor$Worker.run(ThreadPoolExecutor.java:659)
	at org.apache.tomcat.util.threads.TaskThread$WrappingRunnable.run(TaskThread.java:63)
	at java.base/java.lang.Thread.run(Thread.java:1583)
16:33:59.709 WARN  [http-nio-8080-exec-6]org.hibernate.engine.jdbc.spi.SqlExceptionHelper - SQL Error: 1054, SQLState: 42S22
16:33:59.709 ERROR [http-nio-8080-exec-6]org.hibernate.engine.jdbc.spi.SqlExceptionHelper - Unknown column 'id' in 'where clause'
16:33:59.710 ERROR [http-nio-8080-exec-6]o.a.c.c.C.[.[localhost].[/].[dispatcherServlet] - Servlet.service() for servlet [dispatcherServlet] in context with path [] threw exception [Request processing failed: org.springframework.transaction.UnexpectedRollbackException: Transaction silently rolled back because it has been marked as rollback-only] with root cause
org.springframework.transaction.UnexpectedRollbackException: Transaction silently rolled back because it has been marked as rollback-only
	at org.springframework.transaction.support.AbstractPlatformTransactionManager.processCommit(AbstractPlatformTransactionManager.java:804)
	at org.springframework.transaction.support.AbstractPlatformTransactionManager.commit(AbstractPlatformTransactionManager.java:758)
	at org.springframework.transaction.interceptor.TransactionAspectSupport.commitTransactionAfterReturning(TransactionAspectSupport.java:698)
	at org.springframework.transaction.interceptor.TransactionAspectSupport.invokeWithinTransaction(TransactionAspectSupport.java:416)
	at org.springframework.transaction.interceptor.TransactionInterceptor.invoke(TransactionInterceptor.java:119)
	at org.springframework.aop.framework.ReflectiveMethodInvocation.proceed(ReflectiveMethodInvocation.java:184)
	at org.springframework.aop.framework.CglibAopProxy$DynamicAdvisedInterceptor.intercept(CglibAopProxy.java:727)
	at com.example.quiz13.service.impl.QuizServiceImpl$$SpringCGLIB$$0.update(<generated>)
	at com.example.quiz13.controller.QuizServiceController.update(QuizServiceController.java:52)
	at java.base/jdk.internal.reflect.DirectMethodHandleAccessor.invoke(DirectMethodHandleAccessor.java:103)
	at java.base/java.lang.reflect.Method.invoke(Method.java:580)
	at org.springframework.web.method.support.InvocableHandlerMethod.doInvoke(InvocableHandlerMethod.java:258)
	at org.springframework.web.method.support.InvocableHandlerMethod.invokeForRequest(InvocableHandlerMethod.java:191)
	at org.springframework.web.servlet.mvc.method.annotation.ServletInvocableHandlerMethod.invokeAndHandle(ServletInvocableHandlerMethod.java:118)
	at org.springframework.web.servlet.mvc.method.annotation.RequestMappingHandlerAdapter.invokeHandlerMethod(RequestMappingHandlerAdapter.java:986)
	at org.springframework.web.servlet.mvc.method.annotation.RequestMappingHandlerAdapter.handleInternal(RequestMappingHandlerAdapter.java:891)
	at org.springframework.web.servlet.mvc.method.AbstractHandlerMethodAdapter.handle(AbstractHandlerMethodAdapter.java:87)
	at org.springframework.web.servlet.DispatcherServlet.doDispatch(DispatcherServlet.java:1089)
	at org.springframework.web.servlet.DispatcherServlet.doService(DispatcherServlet.java:979)
	at org.springframework.web.servlet.FrameworkServlet.processRequest(FrameworkServlet.java:1014)
	at org.springframework.web.servlet.FrameworkServlet.doPost(FrameworkServlet.java:914)
	at jakarta.servlet.http.HttpServlet.service(HttpServlet.java:590)
	at org.springframework.web.servlet.FrameworkServlet.service(FrameworkServlet.java:885)
	at jakarta.servlet.http.HttpServlet.service(HttpServlet.java:658)
	at org.apache.catalina.core.ApplicationFilterChain.internalDoFilter(ApplicationFilterChain.java:195)
	at org.apache.catalina.core.ApplicationFilterChain.doFilter(ApplicationFilterChain.java:140)
	at org.apache.tomcat.websocket.server.WsFilter.doFilter(WsFilter.java:51)
	at org.apache.catalina.core.ApplicationFilterChain.internalDoFilter(ApplicationFilterChain.java:164)
	at org.apache.catalina.core.ApplicationFilterChain.doFilter(ApplicationFilterChain.java:140)
	at org.springframework.web.filter.RequestContextFilter.doFilterInternal(RequestContextFilter.java:100)
	at org.springframework.web.filter.OncePerRequestFilter.doFilter(OncePerRequestFilter.java:116)
	at org.apache.catalina.core.ApplicationFilterChain.internalDoFilter(ApplicationFilterChain.java:164)
	at org.apache.catalina.core.ApplicationFilterChain.doFilter(ApplicationFilterChain.java:140)
	at org.springframework.web.filter.FormContentFilter.doFilterInternal(FormContentFilter.java:93)
	at org.springframework.web.filter.OncePerRequestFilter.doFilter(OncePerRequestFilter.java:116)
	at org.apache.catalina.core.ApplicationFilterChain.internalDoFilter(ApplicationFilterChain.java:164)
	at org.apache.catalina.core.ApplicationFilterChain.doFilter(ApplicationFilterChain.java:140)
	at org.springframework.web.filter.CharacterEncodingFilter.doFilterInternal(CharacterEncodingFilter.java:201)
	at org.springframework.web.filter.OncePerRequestFilter.doFilter(OncePerRequestFilter.java:116)
	at org.apache.catalina.core.ApplicationFilterChain.internalDoFilter(ApplicationFilterChain.java:164)
	at org.apache.catalina.core.ApplicationFilterChain.doFilter(ApplicationFilterChain.java:140)
	at org.apache.catalina.core.StandardWrapperValve.invoke(StandardWrapperValve.java:167)
	at org.apache.catalina.core.StandardContextValve.invoke(StandardContextValve.java:90)
	at org.apache.catalina.authenticator.AuthenticatorBase.invoke(AuthenticatorBase.java:483)
	at org.apache.catalina.core.StandardHostValve.invoke(StandardHostValve.java:115)
	at org.apache.catalina.valves.ErrorReportValve.invoke(ErrorReportValve.java:93)
	at org.apache.catalina.core.StandardEngineValve.invoke(StandardEngineValve.java:74)
	at org.apache.catalina.connector.CoyoteAdapter.service(CoyoteAdapter.java:344)
	at org.apache.coyote.http11.Http11Processor.service(Http11Processor.java:397)
	at org.apache.coyote.AbstractProcessorLight.process(AbstractProcessorLight.java:63)
	at org.apache.coyote.AbstractProtocol$ConnectionHandler.process(AbstractProtocol.java:905)
	at org.apache.tomcat.util.net.NioEndpoint$SocketProcessor.doRun(NioEndpoint.java:1743)
	at org.apache.tomcat.util.net.SocketProcessorBase.run(SocketProcessorBase.java:52)
	at org.apache.tomcat.util.threads.ThreadPoolExecutor.runWorker(ThreadPoolExecutor.java:1190)
	at org.apache.tomcat.util.threads.ThreadPoolExecutor$Worker.run(ThreadPoolExecutor.java:659)
	at org.apache.tomcat.util.threads.TaskThread$WrappingRunnable.run(TaskThread.java:63)
	at java.base/java.lang.Thread.run(Thread.java:1583)
16:42:29.401 WARN  [http-nio-8080-exec-8]org.hibernate.engine.jdbc.spi.SqlExceptionHelper - SQL Error: 1054, SQLState: 42S22
16:42:29.401 ERROR [http-nio-8080-exec-8]org.hibernate.engine.jdbc.spi.SqlExceptionHelper - Unknown column 'id' in 'where clause'
16:42:29.402 ERROR [http-nio-8080-exec-8]o.a.c.c.C.[.[localhost].[/].[dispatcherServlet] - Servlet.service() for servlet [dispatcherServlet] in context with path [] threw exception [Request processing failed: org.springframework.transaction.UnexpectedRollbackException: Transaction silently rolled back because it has been marked as rollback-only] with root cause
org.springframework.transaction.UnexpectedRollbackException: Transaction silently rolled back because it has been marked as rollback-only
	at org.springframework.transaction.support.AbstractPlatformTransactionManager.processCommit(AbstractPlatformTransactionManager.java:804)
	at org.springframework.transaction.support.AbstractPlatformTransactionManager.commit(AbstractPlatformTransactionManager.java:758)
	at org.springframework.transaction.interceptor.TransactionAspectSupport.commitTransactionAfterReturning(TransactionAspectSupport.java:698)
	at org.springframework.transaction.interceptor.TransactionAspectSupport.invokeWithinTransaction(TransactionAspectSupport.java:416)
	at org.springframework.transaction.interceptor.TransactionInterceptor.invoke(TransactionInterceptor.java:119)
	at org.springframework.aop.framework.ReflectiveMethodInvocation.proceed(ReflectiveMethodInvocation.java:184)
	at org.springframework.aop.framework.CglibAopProxy$DynamicAdvisedInterceptor.intercept(CglibAopProxy.java:727)
	at com.example.quiz13.service.impl.QuizServiceImpl$$SpringCGLIB$$0.update(<generated>)
	at com.example.quiz13.controller.QuizServiceController.update(QuizServiceController.java:52)
	at java.base/jdk.internal.reflect.DirectMethodHandleAccessor.invoke(DirectMethodHandleAccessor.java:103)
	at java.base/java.lang.reflect.Method.invoke(Method.java:580)
	at org.springframework.web.method.support.InvocableHandlerMethod.doInvoke(InvocableHandlerMethod.java:258)
	at org.springframework.web.method.support.InvocableHandlerMethod.invokeForRequest(InvocableHandlerMethod.java:191)
	at org.springframework.web.servlet.mvc.method.annotation.ServletInvocableHandlerMethod.invokeAndHandle(ServletInvocableHandlerMethod.java:118)
	at org.springframework.web.servlet.mvc.method.annotation.RequestMappingHandlerAdapter.invokeHandlerMethod(RequestMappingHandlerAdapter.java:986)
	at org.springframework.web.servlet.mvc.method.annotation.RequestMappingHandlerAdapter.handleInternal(RequestMappingHandlerAdapter.java:891)
	at org.springframework.web.servlet.mvc.method.AbstractHandlerMethodAdapter.handle(AbstractHandlerMethodAdapter.java:87)
	at org.springframework.web.servlet.DispatcherServlet.doDispatch(DispatcherServlet.java:1089)
	at org.springframework.web.servlet.DispatcherServlet.doService(DispatcherServlet.java:979)
	at org.springframework.web.servlet.FrameworkServlet.processRequest(FrameworkServlet.java:1014)
	at org.springframework.web.servlet.FrameworkServlet.doPost(FrameworkServlet.java:914)
	at jakarta.servlet.http.HttpServlet.service(HttpServlet.java:590)
	at org.springframework.web.servlet.FrameworkServlet.service(FrameworkServlet.java:885)
	at jakarta.servlet.http.HttpServlet.service(HttpServlet.java:658)
	at org.apache.catalina.core.ApplicationFilterChain.internalDoFilter(ApplicationFilterChain.java:195)
	at org.apache.catalina.core.ApplicationFilterChain.doFilter(ApplicationFilterChain.java:140)
	at org.apache.tomcat.websocket.server.WsFilter.doFilter(WsFilter.java:51)
	at org.apache.catalina.core.ApplicationFilterChain.internalDoFilter(ApplicationFilterChain.java:164)
	at org.apache.catalina.core.ApplicationFilterChain.doFilter(ApplicationFilterChain.java:140)
	at org.springframework.web.filter.RequestContextFilter.doFilterInternal(RequestContextFilter.java:100)
	at org.springframework.web.filter.OncePerRequestFilter.doFilter(OncePerRequestFilter.java:116)
	at org.apache.catalina.core.ApplicationFilterChain.internalDoFilter(ApplicationFilterChain.java:164)
	at org.apache.catalina.core.ApplicationFilterChain.doFilter(ApplicationFilterChain.java:140)
	at org.springframework.web.filter.FormContentFilter.doFilterInternal(FormContentFilter.java:93)
	at org.springframework.web.filter.OncePerRequestFilter.doFilter(OncePerRequestFilter.java:116)
	at org.apache.catalina.core.ApplicationFilterChain.internalDoFilter(ApplicationFilterChain.java:164)
	at org.apache.catalina.core.ApplicationFilterChain.doFilter(ApplicationFilterChain.java:140)
	at org.springframework.web.filter.CharacterEncodingFilter.doFilterInternal(CharacterEncodingFilter.java:201)
	at org.springframework.web.filter.OncePerRequestFilter.doFilter(OncePerRequestFilter.java:116)
	at org.apache.catalina.core.ApplicationFilterChain.internalDoFilter(ApplicationFilterChain.java:164)
	at org.apache.catalina.core.ApplicationFilterChain.doFilter(ApplicationFilterChain.java:140)
	at org.apache.catalina.core.StandardWrapperValve.invoke(StandardWrapperValve.java:167)
	at org.apache.catalina.core.StandardContextValve.invoke(StandardContextValve.java:90)
	at org.apache.catalina.authenticator.AuthenticatorBase.invoke(AuthenticatorBase.java:483)
	at org.apache.catalina.core.StandardHostValve.invoke(StandardHostValve.java:115)
	at org.apache.catalina.valves.ErrorReportValve.invoke(ErrorReportValve.java:93)
	at org.apache.catalina.core.StandardEngineValve.invoke(StandardEngineValve.java:74)
	at org.apache.catalina.connector.CoyoteAdapter.service(CoyoteAdapter.java:344)
	at org.apache.coyote.http11.Http11Processor.service(Http11Processor.java:397)
	at org.apache.coyote.AbstractProcessorLight.process(AbstractProcessorLight.java:63)
	at org.apache.coyote.AbstractProtocol$ConnectionHandler.process(AbstractProtocol.java:905)
	at org.apache.tomcat.util.net.NioEndpoint$SocketProcessor.doRun(NioEndpoint.java:1743)
	at org.apache.tomcat.util.net.SocketProcessorBase.run(SocketProcessorBase.java:52)
	at org.apache.tomcat.util.threads.ThreadPoolExecutor.runWorker(ThreadPoolExecutor.java:1190)
	at org.apache.tomcat.util.threads.ThreadPoolExecutor$Worker.run(ThreadPoolExecutor.java:659)
	at org.apache.tomcat.util.threads.TaskThread$WrappingRunnable.run(TaskThread.java:63)
	at java.base/java.lang.Thread.run(Thread.java:1583)
17:18:01.876 WARN  [http-nio-8080-exec-6]org.hibernate.engine.jdbc.spi.SqlExceptionHelper - SQL Error: 1054, SQLState: 42S22
17:18:01.876 ERROR [http-nio-8080-exec-6]org.hibernate.engine.jdbc.spi.SqlExceptionHelper - Unknown column 'id' in 'where clause'
17:18:01.877 ERROR [http-nio-8080-exec-6]o.a.c.c.C.[.[localhost].[/].[dispatcherServlet] - Servlet.service() for servlet [dispatcherServlet] in context with path [] threw exception [Request processing failed: org.springframework.transaction.UnexpectedRollbackException: Transaction silently rolled back because it has been marked as rollback-only] with root cause
org.springframework.transaction.UnexpectedRollbackException: Transaction silently rolled back because it has been marked as rollback-only
	at org.springframework.transaction.support.AbstractPlatformTransactionManager.processCommit(AbstractPlatformTransactionManager.java:804)
	at org.springframework.transaction.support.AbstractPlatformTransactionManager.commit(AbstractPlatformTransactionManager.java:758)
	at org.springframework.transaction.interceptor.TransactionAspectSupport.commitTransactionAfterReturning(TransactionAspectSupport.java:698)
	at org.springframework.transaction.interceptor.TransactionAspectSupport.invokeWithinTransaction(TransactionAspectSupport.java:416)
	at org.springframework.transaction.interceptor.TransactionInterceptor.invoke(TransactionInterceptor.java:119)
	at org.springframework.aop.framework.ReflectiveMethodInvocation.proceed(ReflectiveMethodInvocation.java:184)
	at org.springframework.aop.framework.CglibAopProxy$DynamicAdvisedInterceptor.intercept(CglibAopProxy.java:727)
	at com.example.quiz13.service.impl.QuizServiceImpl$$SpringCGLIB$$0.update(<generated>)
	at com.example.quiz13.controller.QuizServiceController.update(QuizServiceController.java:52)
	at java.base/jdk.internal.reflect.DirectMethodHandleAccessor.invoke(DirectMethodHandleAccessor.java:103)
	at java.base/java.lang.reflect.Method.invoke(Method.java:580)
	at org.springframework.web.method.support.InvocableHandlerMethod.doInvoke(InvocableHandlerMethod.java:258)
	at org.springframework.web.method.support.InvocableHandlerMethod.invokeForRequest(InvocableHandlerMethod.java:191)
	at org.springframework.web.servlet.mvc.method.annotation.ServletInvocableHandlerMethod.invokeAndHandle(ServletInvocableHandlerMethod.java:118)
	at org.springframework.web.servlet.mvc.method.annotation.RequestMappingHandlerAdapter.invokeHandlerMethod(RequestMappingHandlerAdapter.java:986)
	at org.springframework.web.servlet.mvc.method.annotation.RequestMappingHandlerAdapter.handleInternal(RequestMappingHandlerAdapter.java:891)
	at org.springframework.web.servlet.mvc.method.AbstractHandlerMethodAdapter.handle(AbstractHandlerMethodAdapter.java:87)
	at org.springframework.web.servlet.DispatcherServlet.doDispatch(DispatcherServlet.java:1089)
	at org.springframework.web.servlet.DispatcherServlet.doService(DispatcherServlet.java:979)
	at org.springframework.web.servlet.FrameworkServlet.processRequest(FrameworkServlet.java:1014)
	at org.springframework.web.servlet.FrameworkServlet.doPost(FrameworkServlet.java:914)
	at jakarta.servlet.http.HttpServlet.service(HttpServlet.java:590)
	at org.springframework.web.servlet.FrameworkServlet.service(FrameworkServlet.java:885)
	at jakarta.servlet.http.HttpServlet.service(HttpServlet.java:658)
	at org.apache.catalina.core.ApplicationFilterChain.internalDoFilter(ApplicationFilterChain.java:195)
	at org.apache.catalina.core.ApplicationFilterChain.doFilter(ApplicationFilterChain.java:140)
	at org.apache.tomcat.websocket.server.WsFilter.doFilter(WsFilter.java:51)
	at org.apache.catalina.core.ApplicationFilterChain.internalDoFilter(ApplicationFilterChain.java:164)
	at org.apache.catalina.core.ApplicationFilterChain.doFilter(ApplicationFilterChain.java:140)
	at org.springframework.web.filter.RequestContextFilter.doFilterInternal(RequestContextFilter.java:100)
	at org.springframework.web.filter.OncePerRequestFilter.doFilter(OncePerRequestFilter.java:116)
	at org.apache.catalina.core.ApplicationFilterChain.internalDoFilter(ApplicationFilterChain.java:164)
	at org.apache.catalina.core.ApplicationFilterChain.doFilter(ApplicationFilterChain.java:140)
	at org.springframework.web.filter.FormContentFilter.doFilterInternal(FormContentFilter.java:93)
	at org.springframework.web.filter.OncePerRequestFilter.doFilter(OncePerRequestFilter.java:116)
	at org.apache.catalina.core.ApplicationFilterChain.internalDoFilter(ApplicationFilterChain.java:164)
	at org.apache.catalina.core.ApplicationFilterChain.doFilter(ApplicationFilterChain.java:140)
	at org.springframework.web.filter.CharacterEncodingFilter.doFilterInternal(CharacterEncodingFilter.java:201)
	at org.springframework.web.filter.OncePerRequestFilter.doFilter(OncePerRequestFilter.java:116)
	at org.apache.catalina.core.ApplicationFilterChain.internalDoFilter(ApplicationFilterChain.java:164)
	at org.apache.catalina.core.ApplicationFilterChain.doFilter(ApplicationFilterChain.java:140)
	at org.apache.catalina.core.StandardWrapperValve.invoke(StandardWrapperValve.java:167)
	at org.apache.catalina.core.StandardContextValve.invoke(StandardContextValve.java:90)
	at org.apache.catalina.authenticator.AuthenticatorBase.invoke(AuthenticatorBase.java:483)
	at org.apache.catalina.core.StandardHostValve.invoke(StandardHostValve.java:115)
	at org.apache.catalina.valves.ErrorReportValve.invoke(ErrorReportValve.java:93)
	at org.apache.catalina.core.StandardEngineValve.invoke(StandardEngineValve.java:74)
	at org.apache.catalina.connector.CoyoteAdapter.service(CoyoteAdapter.java:344)
	at org.apache.coyote.http11.Http11Processor.service(Http11Processor.java:397)
	at org.apache.coyote.AbstractProcessorLight.process(AbstractProcessorLight.java:63)
	at org.apache.coyote.AbstractProtocol$ConnectionHandler.process(AbstractProtocol.java:905)
	at org.apache.tomcat.util.net.NioEndpoint$SocketProcessor.doRun(NioEndpoint.java:1743)
	at org.apache.tomcat.util.net.SocketProcessorBase.run(SocketProcessorBase.java:52)
	at org.apache.tomcat.util.threads.ThreadPoolExecutor.runWorker(ThreadPoolExecutor.java:1190)
	at org.apache.tomcat.util.threads.ThreadPoolExecutor$Worker.run(ThreadPoolExecutor.java:659)
	at org.apache.tomcat.util.threads.TaskThread$WrappingRunnable.run(TaskThread.java:63)
	at java.base/java.lang.Thread.run(Thread.java:1583)
17:19:29.844 INFO  [background-preinit]org.hibernate.validator.internal.util.Version - HV000001: Hibernate Validator 8.0.2.Final
17:19:29.903 INFO  [main]com.example.quiz13.Quiz13Application - Starting Quiz13Application using Java 21.0.5 with PID 76696 (C:\learnFullstack\java\java_project\quiz13\bin\main started by user in C:\learnFullstack\java\java_project\quiz13)
17:19:29.905 INFO  [main]com.example.quiz13.Quiz13Application - No active profile set, falling back to 1 default profile: "default"
17:19:30.608 INFO  [main]o.s.d.r.config.RepositoryConfigurationDelegate - Bootstrapping Spring Data JPA repositories in DEFAULT mode.
17:19:30.676 INFO  [main]o.s.d.r.config.RepositoryConfigurationDelegate - Finished Spring Data repository scanning in 56 ms. Found 3 JPA repository interfaces.
17:19:31.141 INFO  [main]o.s.boot.web.embedded.tomcat.TomcatWebServer - Tomcat initialized with port 8080 (http)
17:19:31.156 INFO  [main]org.apache.coyote.http11.Http11NioProtocol - Initializing ProtocolHandler ["http-nio-8080"]
17:19:31.158 INFO  [main]org.apache.catalina.core.StandardService - Starting service [Tomcat]
17:19:31.158 INFO  [main]org.apache.catalina.core.StandardEngine - Starting Servlet engine: [Apache Tomcat/10.1.39]
17:19:31.212 INFO  [main]o.a.c.core.ContainerBase.[Tomcat].[localhost].[/] - Initializing Spring embedded WebApplicationContext
17:19:31.212 INFO  [main]o.s.b.w.s.c.ServletWebServerApplicationContext - Root WebApplicationContext: initialization completed in 1265 ms
17:19:31.357 INFO  [main]com.zaxxer.hikari.HikariDataSource - HikariPool-1 - Starting...
17:19:31.581 INFO  [main]com.zaxxer.hikari.pool.HikariPool - HikariPool-1 - Added connection com.mysql.cj.jdbc.ConnectionImpl@6e95973c
17:19:31.583 INFO  [main]com.zaxxer.hikari.HikariDataSource - HikariPool-1 - Start completed.
17:19:31.626 INFO  [main]org.hibernate.jpa.internal.util.LogHelper - HHH000204: Processing PersistenceUnitInfo [name: default]
17:19:31.690 INFO  [main]org.hibernate.Version - HHH000412: Hibernate ORM core version 6.6.11.Final
17:19:31.735 INFO  [main]o.hibernate.cache.internal.RegionFactoryInitiator - HHH000026: Second-level cache disabled
17:19:32.045 INFO  [main]o.s.o.j.persistenceunit.SpringPersistenceUnitInfo - No LoadTimeWeaver setup: ignoring JPA class transformer
17:19:32.144 INFO  [main]org.hibernate.orm.connections.pooling - HHH10001005: Database info:
	Database JDBC URL [Connecting through datasource 'HikariDataSource (HikariPool-1)']
	Database driver: undefined/unknown
	Database version: 8.0.41
	Autocommit mode: undefined/unknown
	Isolation level: undefined/unknown
	Minimum pool size: undefined/unknown
	Maximum pool size: undefined/unknown
17:19:32.409 WARN  [main]org.hibernate.mapping.RootClass - HHH000038: Composite-id class does not override equals(): com.example.quiz13.entity.QuestionId
17:19:32.409 WARN  [main]org.hibernate.mapping.RootClass - HHH000039: Composite-id class does not override hashCode(): com.example.quiz13.entity.QuestionId
17:19:32.409 WARN  [main]org.hibernate.mapping.RootClass - HHH000038: Composite-id class does not override equals(): com.example.quiz13.entity.FeedbackId
17:19:32.409 WARN  [main]org.hibernate.mapping.RootClass - HHH000039: Composite-id class does not override hashCode(): com.example.quiz13.entity.FeedbackId
17:19:32.791 INFO  [main]o.h.e.t.jta.platform.internal.JtaPlatformInitiator - HHH000489: No JTA platform available (set 'hibernate.transaction.jta.platform' to enable JTA platform integration)
17:19:32.797 INFO  [main]o.s.orm.jpa.LocalContainerEntityManagerFactoryBean - Initialized JPA EntityManagerFactory for persistence unit 'default'
17:19:32.995 INFO  [main]o.s.data.jpa.repository.query.QueryEnhancerFactory - Hibernate is in classpath; If applicable, HQL parser will be used.
17:19:37.877 WARN  [main]o.s.b.a.o.j.JpaBaseConfiguration$JpaWebConfiguration - spring.jpa.open-in-view is enabled by default. Therefore, database queries may be performed during view rendering. Explicitly configure spring.jpa.open-in-view to disable this warning
17:19:38.149 INFO  [main]org.apache.coyote.http11.Http11NioProtocol - Starting ProtocolHandler ["http-nio-8080"]
17:19:38.172 INFO  [main]o.s.boot.web.embedded.tomcat.TomcatWebServer - Tomcat started on port 8080 (http) with context path '/'
17:19:38.178 INFO  [main]com.example.quiz13.Quiz13Application - Started Quiz13Application in 8.742 seconds (process running for 9.283)
17:21:26.649 INFO  [http-nio-8080-exec-3]o.a.c.core.ContainerBase.[Tomcat].[localhost].[/] - Initializing Spring DispatcherServlet 'dispatcherServlet'
17:21:26.649 INFO  [http-nio-8080-exec-3]org.springframework.web.servlet.DispatcherServlet - Initializing Servlet 'dispatcherServlet'
17:21:26.651 INFO  [http-nio-8080-exec-3]org.springframework.web.servlet.DispatcherServlet - Completed initialization in 2 ms
17:26:34.737 INFO  [background-preinit]org.hibernate.validator.internal.util.Version - HV000001: Hibernate Validator 8.0.2.Final
17:26:34.801 INFO  [main]com.example.quiz13.Quiz13Application - Starting Quiz13Application using Java 21.0.5 with PID 66836 (C:\learnFullstack\java\java_project\quiz13\bin\main started by user in C:\learnFullstack\java\java_project\quiz13)
17:26:34.803 INFO  [main]com.example.quiz13.Quiz13Application - No active profile set, falling back to 1 default profile: "default"
17:26:35.558 INFO  [main]o.s.d.r.config.RepositoryConfigurationDelegate - Bootstrapping Spring Data JPA repositories in DEFAULT mode.
17:26:35.628 INFO  [main]o.s.d.r.config.RepositoryConfigurationDelegate - Finished Spring Data repository scanning in 57 ms. Found 3 JPA repository interfaces.
17:26:36.145 INFO  [main]o.s.boot.web.embedded.tomcat.TomcatWebServer - Tomcat initialized with port 8080 (http)
17:26:36.161 INFO  [main]org.apache.coyote.http11.Http11NioProtocol - Initializing ProtocolHandler ["http-nio-8080"]
17:26:36.162 INFO  [main]org.apache.catalina.core.StandardService - Starting service [Tomcat]
17:26:36.163 INFO  [main]org.apache.catalina.core.StandardEngine - Starting Servlet engine: [Apache Tomcat/10.1.39]
17:26:36.225 INFO  [main]o.a.c.core.ContainerBase.[Tomcat].[localhost].[/] - Initializing Spring embedded WebApplicationContext
17:26:36.225 INFO  [main]o.s.b.w.s.c.ServletWebServerApplicationContext - Root WebApplicationContext: initialization completed in 1374 ms
17:26:36.388 INFO  [main]com.zaxxer.hikari.HikariDataSource - HikariPool-1 - Starting...
17:26:36.595 INFO  [main]com.zaxxer.hikari.pool.HikariPool - HikariPool-1 - Added connection com.mysql.cj.jdbc.ConnectionImpl@39652a30
17:26:36.598 INFO  [main]com.zaxxer.hikari.HikariDataSource - HikariPool-1 - Start completed.
17:26:36.637 INFO  [main]org.hibernate.jpa.internal.util.LogHelper - HHH000204: Processing PersistenceUnitInfo [name: default]
17:26:36.690 INFO  [main]org.hibernate.Version - HHH000412: Hibernate ORM core version 6.6.11.Final
17:26:36.728 INFO  [main]o.hibernate.cache.internal.RegionFactoryInitiator - HHH000026: Second-level cache disabled
17:26:37.071 INFO  [main]o.s.o.j.persistenceunit.SpringPersistenceUnitInfo - No LoadTimeWeaver setup: ignoring JPA class transformer
17:26:37.163 INFO  [main]org.hibernate.orm.connections.pooling - HHH10001005: Database info:
	Database JDBC URL [Connecting through datasource 'HikariDataSource (HikariPool-1)']
	Database driver: undefined/unknown
	Database version: 8.0.41
	Autocommit mode: undefined/unknown
	Isolation level: undefined/unknown
	Minimum pool size: undefined/unknown
	Maximum pool size: undefined/unknown
17:26:37.433 WARN  [main]org.hibernate.mapping.RootClass - HHH000038: Composite-id class does not override equals(): com.example.quiz13.entity.QuestionId
17:26:37.434 WARN  [main]org.hibernate.mapping.RootClass - HHH000039: Composite-id class does not override hashCode(): com.example.quiz13.entity.QuestionId
17:26:37.434 WARN  [main]org.hibernate.mapping.RootClass - HHH000038: Composite-id class does not override equals(): com.example.quiz13.entity.FeedbackId
17:26:37.434 WARN  [main]org.hibernate.mapping.RootClass - HHH000039: Composite-id class does not override hashCode(): com.example.quiz13.entity.FeedbackId
17:26:37.838 INFO  [main]o.h.e.t.jta.platform.internal.JtaPlatformInitiator - HHH000489: No JTA platform available (set 'hibernate.transaction.jta.platform' to enable JTA platform integration)
17:26:37.843 INFO  [main]o.s.orm.jpa.LocalContainerEntityManagerFactoryBean - Initialized JPA EntityManagerFactory for persistence unit 'default'
17:26:38.098 INFO  [main]o.s.data.jpa.repository.query.QueryEnhancerFactory - Hibernate is in classpath; If applicable, HQL parser will be used.
17:26:41.994 WARN  [main]o.s.b.a.o.j.JpaBaseConfiguration$JpaWebConfiguration - spring.jpa.open-in-view is enabled by default. Therefore, database queries may be performed during view rendering. Explicitly configure spring.jpa.open-in-view to disable this warning
17:26:42.292 INFO  [main]org.apache.coyote.http11.Http11NioProtocol - Starting ProtocolHandler ["http-nio-8080"]
17:26:42.311 INFO  [main]o.s.boot.web.embedded.tomcat.TomcatWebServer - Tomcat started on port 8080 (http) with context path '/'
17:26:42.318 INFO  [main]com.example.quiz13.Quiz13Application - Started Quiz13Application in 8.0 seconds (process running for 8.421)
17:26:50.178 INFO  [http-nio-8080-exec-2]o.a.c.core.ContainerBase.[Tomcat].[localhost].[/] - Initializing Spring DispatcherServlet 'dispatcherServlet'
17:26:50.179 INFO  [http-nio-8080-exec-2]org.springframework.web.servlet.DispatcherServlet - Initializing Servlet 'dispatcherServlet'
17:26:50.180 INFO  [http-nio-8080-exec-2]org.springframework.web.servlet.DispatcherServlet - Completed initialization in 1 ms
17:29:42.418 INFO  [background-preinit]org.hibernate.validator.internal.util.Version - HV000001: Hibernate Validator 8.0.2.Final
17:29:42.470 INFO  [main]com.example.quiz13.Quiz13Application - Starting Quiz13Application using Java 21.0.5 with PID 3760 (C:\learnFullstack\java\java_project\quiz13\bin\main started by user in C:\learnFullstack\java\java_project\quiz13)
17:29:42.471 INFO  [main]com.example.quiz13.Quiz13Application - No active profile set, falling back to 1 default profile: "default"
17:29:43.205 INFO  [main]o.s.d.r.config.RepositoryConfigurationDelegate - Bootstrapping Spring Data JPA repositories in DEFAULT mode.
17:29:43.288 INFO  [main]o.s.d.r.config.RepositoryConfigurationDelegate - Finished Spring Data repository scanning in 71 ms. Found 3 JPA repository interfaces.
17:29:43.795 INFO  [main]o.s.boot.web.embedded.tomcat.TomcatWebServer - Tomcat initialized with port 8080 (http)
17:29:43.809 INFO  [main]org.apache.coyote.http11.Http11NioProtocol - Initializing ProtocolHandler ["http-nio-8080"]
17:29:43.813 INFO  [main]org.apache.catalina.core.StandardService - Starting service [Tomcat]
17:29:43.813 INFO  [main]org.apache.catalina.core.StandardEngine - Starting Servlet engine: [Apache Tomcat/10.1.39]
17:29:43.865 INFO  [main]o.a.c.core.ContainerBase.[Tomcat].[localhost].[/] - Initializing Spring embedded WebApplicationContext
17:29:43.865 INFO  [main]o.s.b.w.s.c.ServletWebServerApplicationContext - Root WebApplicationContext: initialization completed in 1357 ms
17:29:44.005 INFO  [main]com.zaxxer.hikari.HikariDataSource - HikariPool-1 - Starting...
17:29:44.231 INFO  [main]com.zaxxer.hikari.pool.HikariPool - HikariPool-1 - Added connection com.mysql.cj.jdbc.ConnectionImpl@6e95973c
17:29:44.234 INFO  [main]com.zaxxer.hikari.HikariDataSource - HikariPool-1 - Start completed.
17:29:44.278 INFO  [main]org.hibernate.jpa.internal.util.LogHelper - HHH000204: Processing PersistenceUnitInfo [name: default]
17:29:44.336 INFO  [main]org.hibernate.Version - HHH000412: Hibernate ORM core version 6.6.11.Final
17:29:44.376 INFO  [main]o.hibernate.cache.internal.RegionFactoryInitiator - HHH000026: Second-level cache disabled
17:29:44.688 INFO  [main]o.s.o.j.persistenceunit.SpringPersistenceUnitInfo - No LoadTimeWeaver setup: ignoring JPA class transformer
17:29:44.778 INFO  [main]org.hibernate.orm.connections.pooling - HHH10001005: Database info:
	Database JDBC URL [Connecting through datasource 'HikariDataSource (HikariPool-1)']
	Database driver: undefined/unknown
	Database version: 8.0.41
	Autocommit mode: undefined/unknown
	Isolation level: undefined/unknown
	Minimum pool size: undefined/unknown
	Maximum pool size: undefined/unknown
17:29:45.059 WARN  [main]org.hibernate.mapping.RootClass - HHH000038: Composite-id class does not override equals(): com.example.quiz13.entity.QuestionId
17:29:45.059 WARN  [main]org.hibernate.mapping.RootClass - HHH000039: Composite-id class does not override hashCode(): com.example.quiz13.entity.QuestionId
17:29:45.059 WARN  [main]org.hibernate.mapping.RootClass - HHH000038: Composite-id class does not override equals(): com.example.quiz13.entity.FeedbackId
17:29:45.059 WARN  [main]org.hibernate.mapping.RootClass - HHH000039: Composite-id class does not override hashCode(): com.example.quiz13.entity.FeedbackId
17:29:45.509 INFO  [main]o.h.e.t.jta.platform.internal.JtaPlatformInitiator - HHH000489: No JTA platform available (set 'hibernate.transaction.jta.platform' to enable JTA platform integration)
17:29:45.512 INFO  [main]o.s.orm.jpa.LocalContainerEntityManagerFactoryBean - Initialized JPA EntityManagerFactory for persistence unit 'default'
17:29:45.713 INFO  [main]o.s.data.jpa.repository.query.QueryEnhancerFactory - Hibernate is in classpath; If applicable, HQL parser will be used.
17:29:47.918 WARN  [main]o.s.b.a.o.j.JpaBaseConfiguration$JpaWebConfiguration - spring.jpa.open-in-view is enabled by default. Therefore, database queries may be performed during view rendering. Explicitly configure spring.jpa.open-in-view to disable this warning
17:29:48.185 INFO  [main]org.apache.coyote.http11.Http11NioProtocol - Starting ProtocolHandler ["http-nio-8080"]
17:29:48.204 INFO  [main]o.s.boot.web.embedded.tomcat.TomcatWebServer - Tomcat started on port 8080 (http) with context path '/'
17:29:48.210 INFO  [main]com.example.quiz13.Quiz13Application - Started Quiz13Application in 6.195 seconds (process running for 6.58)
17:30:18.076 INFO  [http-nio-8080-exec-2]o.a.c.core.ContainerBase.[Tomcat].[localhost].[/] - Initializing Spring DispatcherServlet 'dispatcherServlet'
17:30:18.076 INFO  [http-nio-8080-exec-2]org.springframework.web.servlet.DispatcherServlet - Initializing Servlet 'dispatcherServlet'
17:30:18.077 INFO  [http-nio-8080-exec-2]org.springframework.web.servlet.DispatcherServlet - Completed initialization in 1 ms
17:30:46.493 WARN  [http-nio-8080-exec-2]org.hibernate.engine.jdbc.spi.SqlExceptionHelper - SQL Error: 1054, SQLState: 42S22
17:30:46.494 ERROR [http-nio-8080-exec-2]org.hibernate.engine.jdbc.spi.SqlExceptionHelper - Unknown column 'id' in 'where clause'
17:31:06.569 INFO  [background-preinit]org.hibernate.validator.internal.util.Version - HV000001: Hibernate Validator 8.0.2.Final
17:31:06.614 INFO  [main]com.example.quiz13.Quiz13Application - Starting Quiz13Application using Java 21.0.5 with PID 75012 (C:\learnFullstack\java\java_project\quiz13\bin\main started by user in C:\learnFullstack\java\java_project\quiz13)
17:31:06.615 INFO  [main]com.example.quiz13.Quiz13Application - No active profile set, falling back to 1 default profile: "default"
17:31:07.139 INFO  [main]o.s.d.r.config.RepositoryConfigurationDelegate - Bootstrapping Spring Data JPA repositories in DEFAULT mode.
17:31:07.196 INFO  [main]o.s.d.r.config.RepositoryConfigurationDelegate - Finished Spring Data repository scanning in 50 ms. Found 3 JPA repository interfaces.
17:31:07.606 INFO  [main]o.s.boot.web.embedded.tomcat.TomcatWebServer - Tomcat initialized with port 8080 (http)
17:31:07.617 INFO  [main]org.apache.coyote.http11.Http11NioProtocol - Initializing ProtocolHandler ["http-nio-8080"]
17:31:07.618 INFO  [main]org.apache.catalina.core.StandardService - Starting service [Tomcat]
17:31:07.618 INFO  [main]org.apache.catalina.core.StandardEngine - Starting Servlet engine: [Apache Tomcat/10.1.39]
17:31:07.666 INFO  [main]o.a.c.core.ContainerBase.[Tomcat].[localhost].[/] - Initializing Spring embedded WebApplicationContext
17:31:07.666 INFO  [main]o.s.b.w.s.c.ServletWebServerApplicationContext - Root WebApplicationContext: initialization completed in 1024 ms
17:31:07.786 INFO  [main]com.zaxxer.hikari.HikariDataSource - HikariPool-1 - Starting...
17:31:07.946 INFO  [main]com.zaxxer.hikari.pool.HikariPool - HikariPool-1 - Added connection com.mysql.cj.jdbc.ConnectionImpl@6da4feeb
17:31:07.948 INFO  [main]com.zaxxer.hikari.HikariDataSource - HikariPool-1 - Start completed.
17:31:07.986 INFO  [main]org.hibernate.jpa.internal.util.LogHelper - HHH000204: Processing PersistenceUnitInfo [name: default]
17:31:08.019 INFO  [main]org.hibernate.Version - HHH000412: Hibernate ORM core version 6.6.11.Final
17:31:08.046 INFO  [main]o.hibernate.cache.internal.RegionFactoryInitiator - HHH000026: Second-level cache disabled
17:31:08.267 INFO  [main]o.s.o.j.persistenceunit.SpringPersistenceUnitInfo - No LoadTimeWeaver setup: ignoring JPA class transformer
17:31:08.337 INFO  [main]org.hibernate.orm.connections.pooling - HHH10001005: Database info:
	Database JDBC URL [Connecting through datasource 'HikariDataSource (HikariPool-1)']
	Database driver: undefined/unknown
	Database version: 8.0.41
	Autocommit mode: undefined/unknown
	Isolation level: undefined/unknown
	Minimum pool size: undefined/unknown
	Maximum pool size: undefined/unknown
17:31:08.528 WARN  [main]org.hibernate.mapping.RootClass - HHH000038: Composite-id class does not override equals(): com.example.quiz13.entity.QuestionId
17:31:08.528 WARN  [main]org.hibernate.mapping.RootClass - HHH000039: Composite-id class does not override hashCode(): com.example.quiz13.entity.QuestionId
17:31:08.528 WARN  [main]org.hibernate.mapping.RootClass - HHH000038: Composite-id class does not override equals(): com.example.quiz13.entity.FeedbackId
17:31:08.528 WARN  [main]org.hibernate.mapping.RootClass - HHH000039: Composite-id class does not override hashCode(): com.example.quiz13.entity.FeedbackId
17:31:08.838 INFO  [main]o.h.e.t.jta.platform.internal.JtaPlatformInitiator - HHH000489: No JTA platform available (set 'hibernate.transaction.jta.platform' to enable JTA platform integration)
17:31:08.840 INFO  [main]o.s.orm.jpa.LocalContainerEntityManagerFactoryBean - Initialized JPA EntityManagerFactory for persistence unit 'default'
17:31:09.021 INFO  [main]o.s.data.jpa.repository.query.QueryEnhancerFactory - Hibernate is in classpath; If applicable, HQL parser will be used.
17:31:09.656 WARN  [main]o.s.b.a.o.j.JpaBaseConfiguration$JpaWebConfiguration - spring.jpa.open-in-view is enabled by default. Therefore, database queries may be performed during view rendering. Explicitly configure spring.jpa.open-in-view to disable this warning
17:31:09.970 INFO  [main]org.apache.coyote.http11.Http11NioProtocol - Starting ProtocolHandler ["http-nio-8080"]
17:31:09.985 INFO  [main]o.s.boot.web.embedded.tomcat.TomcatWebServer - Tomcat started on port 8080 (http) with context path '/'
17:31:09.991 INFO  [main]com.example.quiz13.Quiz13Application - Started Quiz13Application in 3.761 seconds (process running for 3.981)
17:31:14.835 INFO  [http-nio-8080-exec-1]o.a.c.core.ContainerBase.[Tomcat].[localhost].[/] - Initializing Spring DispatcherServlet 'dispatcherServlet'
17:31:14.835 INFO  [http-nio-8080-exec-1]org.springframework.web.servlet.DispatcherServlet - Initializing Servlet 'dispatcherServlet'
17:31:14.836 INFO  [http-nio-8080-exec-1]org.springframework.web.servlet.DispatcherServlet - Completed initialization in 1 ms
17:31:15.376 WARN  [http-nio-8080-exec-1]org.hibernate.engine.jdbc.spi.SqlExceptionHelper - SQL Error: 1054, SQLState: 42S22
17:31:15.376 ERROR [http-nio-8080-exec-1]org.hibernate.engine.jdbc.spi.SqlExceptionHelper - Unknown column 'id' in 'where clause'
17:31:15.383 ERROR [http-nio-8080-exec-1]o.a.c.c.C.[.[localhost].[/].[dispatcherServlet] - Servlet.service() for servlet [dispatcherServlet] in context with path [] threw exception [Request processing failed: org.springframework.transaction.UnexpectedRollbackException: Transaction silently rolled back because it has been marked as rollback-only] with root cause
org.springframework.transaction.UnexpectedRollbackException: Transaction silently rolled back because it has been marked as rollback-only
	at org.springframework.transaction.support.AbstractPlatformTransactionManager.processCommit(AbstractPlatformTransactionManager.java:804)
	at org.springframework.transaction.support.AbstractPlatformTransactionManager.commit(AbstractPlatformTransactionManager.java:758)
	at org.springframework.transaction.interceptor.TransactionAspectSupport.commitTransactionAfterReturning(TransactionAspectSupport.java:698)
	at org.springframework.transaction.interceptor.TransactionAspectSupport.invokeWithinTransaction(TransactionAspectSupport.java:416)
	at org.springframework.transaction.interceptor.TransactionInterceptor.invoke(TransactionInterceptor.java:119)
	at org.springframework.aop.framework.ReflectiveMethodInvocation.proceed(ReflectiveMethodInvocation.java:184)
	at org.springframework.aop.framework.CglibAopProxy$DynamicAdvisedInterceptor.intercept(CglibAopProxy.java:727)
	at com.example.quiz13.service.impl.QuizServiceImpl$$SpringCGLIB$$0.update(<generated>)
	at com.example.quiz13.controller.QuizServiceController.update(QuizServiceController.java:52)
	at java.base/jdk.internal.reflect.DirectMethodHandleAccessor.invoke(DirectMethodHandleAccessor.java:103)
	at java.base/java.lang.reflect.Method.invoke(Method.java:580)
	at org.springframework.web.method.support.InvocableHandlerMethod.doInvoke(InvocableHandlerMethod.java:258)
	at org.springframework.web.method.support.InvocableHandlerMethod.invokeForRequest(InvocableHandlerMethod.java:191)
	at org.springframework.web.servlet.mvc.method.annotation.ServletInvocableHandlerMethod.invokeAndHandle(ServletInvocableHandlerMethod.java:118)
	at org.springframework.web.servlet.mvc.method.annotation.RequestMappingHandlerAdapter.invokeHandlerMethod(RequestMappingHandlerAdapter.java:986)
	at org.springframework.web.servlet.mvc.method.annotation.RequestMappingHandlerAdapter.handleInternal(RequestMappingHandlerAdapter.java:891)
	at org.springframework.web.servlet.mvc.method.AbstractHandlerMethodAdapter.handle(AbstractHandlerMethodAdapter.java:87)
	at org.springframework.web.servlet.DispatcherServlet.doDispatch(DispatcherServlet.java:1089)
	at org.springframework.web.servlet.DispatcherServlet.doService(DispatcherServlet.java:979)
	at org.springframework.web.servlet.FrameworkServlet.processRequest(FrameworkServlet.java:1014)
	at org.springframework.web.servlet.FrameworkServlet.doPost(FrameworkServlet.java:914)
	at jakarta.servlet.http.HttpServlet.service(HttpServlet.java:590)
	at org.springframework.web.servlet.FrameworkServlet.service(FrameworkServlet.java:885)
	at jakarta.servlet.http.HttpServlet.service(HttpServlet.java:658)
	at org.apache.catalina.core.ApplicationFilterChain.internalDoFilter(ApplicationFilterChain.java:195)
	at org.apache.catalina.core.ApplicationFilterChain.doFilter(ApplicationFilterChain.java:140)
	at org.apache.tomcat.websocket.server.WsFilter.doFilter(WsFilter.java:51)
	at org.apache.catalina.core.ApplicationFilterChain.internalDoFilter(ApplicationFilterChain.java:164)
	at org.apache.catalina.core.ApplicationFilterChain.doFilter(ApplicationFilterChain.java:140)
	at org.springframework.web.filter.RequestContextFilter.doFilterInternal(RequestContextFilter.java:100)
	at org.springframework.web.filter.OncePerRequestFilter.doFilter(OncePerRequestFilter.java:116)
	at org.apache.catalina.core.ApplicationFilterChain.internalDoFilter(ApplicationFilterChain.java:164)
	at org.apache.catalina.core.ApplicationFilterChain.doFilter(ApplicationFilterChain.java:140)
	at org.springframework.web.filter.FormContentFilter.doFilterInternal(FormContentFilter.java:93)
	at org.springframework.web.filter.OncePerRequestFilter.doFilter(OncePerRequestFilter.java:116)
	at org.apache.catalina.core.ApplicationFilterChain.internalDoFilter(ApplicationFilterChain.java:164)
	at org.apache.catalina.core.ApplicationFilterChain.doFilter(ApplicationFilterChain.java:140)
	at org.springframework.web.filter.CharacterEncodingFilter.doFilterInternal(CharacterEncodingFilter.java:201)
	at org.springframework.web.filter.OncePerRequestFilter.doFilter(OncePerRequestFilter.java:116)
	at org.apache.catalina.core.ApplicationFilterChain.internalDoFilter(ApplicationFilterChain.java:164)
	at org.apache.catalina.core.ApplicationFilterChain.doFilter(ApplicationFilterChain.java:140)
	at org.apache.catalina.core.StandardWrapperValve.invoke(StandardWrapperValve.java:167)
	at org.apache.catalina.core.StandardContextValve.invoke(StandardContextValve.java:90)
	at org.apache.catalina.authenticator.AuthenticatorBase.invoke(AuthenticatorBase.java:483)
	at org.apache.catalina.core.StandardHostValve.invoke(StandardHostValve.java:115)
	at org.apache.catalina.valves.ErrorReportValve.invoke(ErrorReportValve.java:93)
	at org.apache.catalina.core.StandardEngineValve.invoke(StandardEngineValve.java:74)
	at org.apache.catalina.connector.CoyoteAdapter.service(CoyoteAdapter.java:344)
	at org.apache.coyote.http11.Http11Processor.service(Http11Processor.java:397)
	at org.apache.coyote.AbstractProcessorLight.process(AbstractProcessorLight.java:63)
	at org.apache.coyote.AbstractProtocol$ConnectionHandler.process(AbstractProtocol.java:905)
	at org.apache.tomcat.util.net.NioEndpoint$SocketProcessor.doRun(NioEndpoint.java:1743)
	at org.apache.tomcat.util.net.SocketProcessorBase.run(SocketProcessorBase.java:52)
	at org.apache.tomcat.util.threads.ThreadPoolExecutor.runWorker(ThreadPoolExecutor.java:1190)
	at org.apache.tomcat.util.threads.ThreadPoolExecutor$Worker.run(ThreadPoolExecutor.java:659)
	at org.apache.tomcat.util.threads.TaskThread$WrappingRunnable.run(TaskThread.java:63)
	at java.base/java.lang.Thread.run(Thread.java:1583)
17:31:51.496 WARN  [http-nio-8080-exec-4]org.hibernate.engine.jdbc.spi.SqlExceptionHelper - SQL Error: 1054, SQLState: 42S22
17:31:51.496 ERROR [http-nio-8080-exec-4]org.hibernate.engine.jdbc.spi.SqlExceptionHelper - Unknown column 'id' in 'where clause'
17:31:51.498 ERROR [http-nio-8080-exec-4]o.a.c.c.C.[.[localhost].[/].[dispatcherServlet] - Servlet.service() for servlet [dispatcherServlet] in context with path [] threw exception [Request processing failed: org.springframework.transaction.UnexpectedRollbackException: Transaction silently rolled back because it has been marked as rollback-only] with root cause
org.springframework.transaction.UnexpectedRollbackException: Transaction silently rolled back because it has been marked as rollback-only
	at org.springframework.transaction.support.AbstractPlatformTransactionManager.processCommit(AbstractPlatformTransactionManager.java:804)
	at org.springframework.transaction.support.AbstractPlatformTransactionManager.commit(AbstractPlatformTransactionManager.java:758)
	at org.springframework.transaction.interceptor.TransactionAspectSupport.commitTransactionAfterReturning(TransactionAspectSupport.java:698)
	at org.springframework.transaction.interceptor.TransactionAspectSupport.invokeWithinTransaction(TransactionAspectSupport.java:416)
	at org.springframework.transaction.interceptor.TransactionInterceptor.invoke(TransactionInterceptor.java:119)
	at org.springframework.aop.framework.ReflectiveMethodInvocation.proceed(ReflectiveMethodInvocation.java:184)
	at org.springframework.aop.framework.CglibAopProxy$DynamicAdvisedInterceptor.intercept(CglibAopProxy.java:727)
	at com.example.quiz13.service.impl.QuizServiceImpl$$SpringCGLIB$$0.update(<generated>)
	at com.example.quiz13.controller.QuizServiceController.update(QuizServiceController.java:52)
	at java.base/jdk.internal.reflect.DirectMethodHandleAccessor.invoke(DirectMethodHandleAccessor.java:103)
	at java.base/java.lang.reflect.Method.invoke(Method.java:580)
	at org.springframework.web.method.support.InvocableHandlerMethod.doInvoke(InvocableHandlerMethod.java:258)
	at org.springframework.web.method.support.InvocableHandlerMethod.invokeForRequest(InvocableHandlerMethod.java:191)
	at org.springframework.web.servlet.mvc.method.annotation.ServletInvocableHandlerMethod.invokeAndHandle(ServletInvocableHandlerMethod.java:118)
	at org.springframework.web.servlet.mvc.method.annotation.RequestMappingHandlerAdapter.invokeHandlerMethod(RequestMappingHandlerAdapter.java:986)
	at org.springframework.web.servlet.mvc.method.annotation.RequestMappingHandlerAdapter.handleInternal(RequestMappingHandlerAdapter.java:891)
	at org.springframework.web.servlet.mvc.method.AbstractHandlerMethodAdapter.handle(AbstractHandlerMethodAdapter.java:87)
	at org.springframework.web.servlet.DispatcherServlet.doDispatch(DispatcherServlet.java:1089)
	at org.springframework.web.servlet.DispatcherServlet.doService(DispatcherServlet.java:979)
	at org.springframework.web.servlet.FrameworkServlet.processRequest(FrameworkServlet.java:1014)
	at org.springframework.web.servlet.FrameworkServlet.doPost(FrameworkServlet.java:914)
	at jakarta.servlet.http.HttpServlet.service(HttpServlet.java:590)
	at org.springframework.web.servlet.FrameworkServlet.service(FrameworkServlet.java:885)
	at jakarta.servlet.http.HttpServlet.service(HttpServlet.java:658)
	at org.apache.catalina.core.ApplicationFilterChain.internalDoFilter(ApplicationFilterChain.java:195)
	at org.apache.catalina.core.ApplicationFilterChain.doFilter(ApplicationFilterChain.java:140)
	at org.apache.tomcat.websocket.server.WsFilter.doFilter(WsFilter.java:51)
	at org.apache.catalina.core.ApplicationFilterChain.internalDoFilter(ApplicationFilterChain.java:164)
	at org.apache.catalina.core.ApplicationFilterChain.doFilter(ApplicationFilterChain.java:140)
	at org.springframework.web.filter.RequestContextFilter.doFilterInternal(RequestContextFilter.java:100)
	at org.springframework.web.filter.OncePerRequestFilter.doFilter(OncePerRequestFilter.java:116)
	at org.apache.catalina.core.ApplicationFilterChain.internalDoFilter(ApplicationFilterChain.java:164)
	at org.apache.catalina.core.ApplicationFilterChain.doFilter(ApplicationFilterChain.java:140)
	at org.springframework.web.filter.FormContentFilter.doFilterInternal(FormContentFilter.java:93)
	at org.springframework.web.filter.OncePerRequestFilter.doFilter(OncePerRequestFilter.java:116)
	at org.apache.catalina.core.ApplicationFilterChain.internalDoFilter(ApplicationFilterChain.java:164)
	at org.apache.catalina.core.ApplicationFilterChain.doFilter(ApplicationFilterChain.java:140)
	at org.springframework.web.filter.CharacterEncodingFilter.doFilterInternal(CharacterEncodingFilter.java:201)
	at org.springframework.web.filter.OncePerRequestFilter.doFilter(OncePerRequestFilter.java:116)
	at org.apache.catalina.core.ApplicationFilterChain.internalDoFilter(ApplicationFilterChain.java:164)
	at org.apache.catalina.core.ApplicationFilterChain.doFilter(ApplicationFilterChain.java:140)
	at org.apache.catalina.core.StandardWrapperValve.invoke(StandardWrapperValve.java:167)
	at org.apache.catalina.core.StandardContextValve.invoke(StandardContextValve.java:90)
	at org.apache.catalina.authenticator.AuthenticatorBase.invoke(AuthenticatorBase.java:483)
	at org.apache.catalina.core.StandardHostValve.invoke(StandardHostValve.java:115)
	at org.apache.catalina.valves.ErrorReportValve.invoke(ErrorReportValve.java:93)
	at org.apache.catalina.core.StandardEngineValve.invoke(StandardEngineValve.java:74)
	at org.apache.catalina.connector.CoyoteAdapter.service(CoyoteAdapter.java:344)
	at org.apache.coyote.http11.Http11Processor.service(Http11Processor.java:397)
	at org.apache.coyote.AbstractProcessorLight.process(AbstractProcessorLight.java:63)
	at org.apache.coyote.AbstractProtocol$ConnectionHandler.process(AbstractProtocol.java:905)
	at org.apache.tomcat.util.net.NioEndpoint$SocketProcessor.doRun(NioEndpoint.java:1743)
	at org.apache.tomcat.util.net.SocketProcessorBase.run(SocketProcessorBase.java:52)
	at org.apache.tomcat.util.threads.ThreadPoolExecutor.runWorker(ThreadPoolExecutor.java:1190)
	at org.apache.tomcat.util.threads.ThreadPoolExecutor$Worker.run(ThreadPoolExecutor.java:659)
	at org.apache.tomcat.util.threads.TaskThread$WrappingRunnable.run(TaskThread.java:63)
	at java.base/java.lang.Thread.run(Thread.java:1583)
17:32:29.654 INFO  [background-preinit]org.hibernate.validator.internal.util.Version - HV000001: Hibernate Validator 8.0.2.Final
17:32:29.712 INFO  [main]com.example.quiz13.Quiz13Application - Starting Quiz13Application using Java 21.0.5 with PID 72580 (C:\learnFullstack\java\java_project\quiz13\bin\main started by user in C:\learnFullstack\java\java_project\quiz13)
17:32:29.712 INFO  [main]com.example.quiz13.Quiz13Application - No active profile set, falling back to 1 default profile: "default"
17:32:30.355 INFO  [main]o.s.d.r.config.RepositoryConfigurationDelegate - Bootstrapping Spring Data JPA repositories in DEFAULT mode.
17:32:30.432 INFO  [main]o.s.d.r.config.RepositoryConfigurationDelegate - Finished Spring Data repository scanning in 66 ms. Found 3 JPA repository interfaces.
17:32:30.922 INFO  [main]o.s.boot.web.embedded.tomcat.TomcatWebServer - Tomcat initialized with port 8080 (http)
17:32:30.935 INFO  [main]org.apache.coyote.http11.Http11NioProtocol - Initializing ProtocolHandler ["http-nio-8080"]
17:32:30.938 INFO  [main]org.apache.catalina.core.StandardService - Starting service [Tomcat]
17:32:30.938 INFO  [main]org.apache.catalina.core.StandardEngine - Starting Servlet engine: [Apache Tomcat/10.1.39]
17:32:30.991 INFO  [main]o.a.c.core.ContainerBase.[Tomcat].[localhost].[/] - Initializing Spring embedded WebApplicationContext
17:32:30.991 INFO  [main]o.s.b.w.s.c.ServletWebServerApplicationContext - Root WebApplicationContext: initialization completed in 1243 ms
17:32:31.139 INFO  [main]com.zaxxer.hikari.HikariDataSource - HikariPool-1 - Starting...
17:32:31.362 INFO  [main]com.zaxxer.hikari.pool.HikariPool - HikariPool-1 - Added connection com.mysql.cj.jdbc.ConnectionImpl@39652a30
17:32:31.366 INFO  [main]com.zaxxer.hikari.HikariDataSource - HikariPool-1 - Start completed.
17:32:31.408 INFO  [main]org.hibernate.jpa.internal.util.LogHelper - HHH000204: Processing PersistenceUnitInfo [name: default]
17:32:31.470 INFO  [main]org.hibernate.Version - HHH000412: Hibernate ORM core version 6.6.11.Final
17:32:31.513 INFO  [main]o.hibernate.cache.internal.RegionFactoryInitiator - HHH000026: Second-level cache disabled
17:32:31.834 INFO  [main]o.s.o.j.persistenceunit.SpringPersistenceUnitInfo - No LoadTimeWeaver setup: ignoring JPA class transformer
17:32:31.925 INFO  [main]org.hibernate.orm.connections.pooling - HHH10001005: Database info:
	Database JDBC URL [Connecting through datasource 'HikariDataSource (HikariPool-1)']
	Database driver: undefined/unknown
	Database version: 8.0.41
	Autocommit mode: undefined/unknown
	Isolation level: undefined/unknown
	Minimum pool size: undefined/unknown
	Maximum pool size: undefined/unknown
17:32:32.236 WARN  [main]org.hibernate.mapping.RootClass - HHH000038: Composite-id class does not override equals(): com.example.quiz13.entity.QuestionId
17:32:32.237 WARN  [main]org.hibernate.mapping.RootClass - HHH000039: Composite-id class does not override hashCode(): com.example.quiz13.entity.QuestionId
17:32:32.237 WARN  [main]org.hibernate.mapping.RootClass - HHH000038: Composite-id class does not override equals(): com.example.quiz13.entity.FeedbackId
17:32:32.237 WARN  [main]org.hibernate.mapping.RootClass - HHH000039: Composite-id class does not override hashCode(): com.example.quiz13.entity.FeedbackId
17:32:32.639 INFO  [main]o.h.e.t.jta.platform.internal.JtaPlatformInitiator - HHH000489: No JTA platform available (set 'hibernate.transaction.jta.platform' to enable JTA platform integration)
17:32:32.643 INFO  [main]o.s.orm.jpa.LocalContainerEntityManagerFactoryBean - Initialized JPA EntityManagerFactory for persistence unit 'default'
17:32:32.849 INFO  [main]o.s.data.jpa.repository.query.QueryEnhancerFactory - Hibernate is in classpath; If applicable, HQL parser will be used.
17:32:37.964 WARN  [main]o.s.b.a.o.j.JpaBaseConfiguration$JpaWebConfiguration - spring.jpa.open-in-view is enabled by default. Therefore, database queries may be performed during view rendering. Explicitly configure spring.jpa.open-in-view to disable this warning
17:32:38.253 INFO  [main]org.apache.coyote.http11.Http11NioProtocol - Starting ProtocolHandler ["http-nio-8080"]
17:32:38.272 INFO  [main]o.s.boot.web.embedded.tomcat.TomcatWebServer - Tomcat started on port 8080 (http) with context path '/'
17:32:38.280 INFO  [main]com.example.quiz13.Quiz13Application - Started Quiz13Application in 9.024 seconds (process running for 9.408)
17:32:42.424 INFO  [http-nio-8080-exec-3]o.a.c.core.ContainerBase.[Tomcat].[localhost].[/] - Initializing Spring DispatcherServlet 'dispatcherServlet'
17:32:42.425 INFO  [http-nio-8080-exec-3]org.springframework.web.servlet.DispatcherServlet - Initializing Servlet 'dispatcherServlet'
17:32:42.426 INFO  [http-nio-8080-exec-3]org.springframework.web.servlet.DispatcherServlet - Completed initialization in 1 ms
17:33:09.468 WARN  [http-nio-8080-exec-3]org.hibernate.engine.jdbc.spi.SqlExceptionHelper - SQL Error: 1054, SQLState: 42S22
17:33:09.470 ERROR [http-nio-8080-exec-3]org.hibernate.engine.jdbc.spi.SqlExceptionHelper - Unknown column 'id' in 'where clause'
17:34:31.134 ERROR [http-nio-8080-exec-3]o.a.c.c.C.[.[localhost].[/].[dispatcherServlet] - Servlet.service() for servlet [dispatcherServlet] in context with path [] threw exception [Request processing failed: org.springframework.transaction.UnexpectedRollbackException: Transaction silently rolled back because it has been marked as rollback-only] with root cause
org.springframework.transaction.UnexpectedRollbackException: Transaction silently rolled back because it has been marked as rollback-only
	at org.springframework.transaction.support.AbstractPlatformTransactionManager.processCommit(AbstractPlatformTransactionManager.java:804)
	at org.springframework.transaction.support.AbstractPlatformTransactionManager.commit(AbstractPlatformTransactionManager.java:758)
	at org.springframework.transaction.interceptor.TransactionAspectSupport.commitTransactionAfterReturning(TransactionAspectSupport.java:698)
	at org.springframework.transaction.interceptor.TransactionAspectSupport.invokeWithinTransaction(TransactionAspectSupport.java:416)
	at org.springframework.transaction.interceptor.TransactionInterceptor.invoke(TransactionInterceptor.java:119)
	at org.springframework.aop.framework.ReflectiveMethodInvocation.proceed(ReflectiveMethodInvocation.java:184)
	at org.springframework.aop.framework.CglibAopProxy$DynamicAdvisedInterceptor.intercept(CglibAopProxy.java:727)
	at com.example.quiz13.service.impl.QuizServiceImpl$$SpringCGLIB$$0.update(<generated>)
	at com.example.quiz13.controller.QuizServiceController.update(QuizServiceController.java:52)
	at java.base/jdk.internal.reflect.DirectMethodHandleAccessor.invoke(DirectMethodHandleAccessor.java:103)
	at java.base/java.lang.reflect.Method.invoke(Method.java:580)
	at org.springframework.web.method.support.InvocableHandlerMethod.doInvoke(InvocableHandlerMethod.java:258)
	at org.springframework.web.method.support.InvocableHandlerMethod.invokeForRequest(InvocableHandlerMethod.java:191)
	at org.springframework.web.servlet.mvc.method.annotation.ServletInvocableHandlerMethod.invokeAndHandle(ServletInvocableHandlerMethod.java:118)
	at org.springframework.web.servlet.mvc.method.annotation.RequestMappingHandlerAdapter.invokeHandlerMethod(RequestMappingHandlerAdapter.java:986)
	at org.springframework.web.servlet.mvc.method.annotation.RequestMappingHandlerAdapter.handleInternal(RequestMappingHandlerAdapter.java:891)
	at org.springframework.web.servlet.mvc.method.AbstractHandlerMethodAdapter.handle(AbstractHandlerMethodAdapter.java:87)
	at org.springframework.web.servlet.DispatcherServlet.doDispatch(DispatcherServlet.java:1089)
	at org.springframework.web.servlet.DispatcherServlet.doService(DispatcherServlet.java:979)
	at org.springframework.web.servlet.FrameworkServlet.processRequest(FrameworkServlet.java:1014)
	at org.springframework.web.servlet.FrameworkServlet.doPost(FrameworkServlet.java:914)
	at jakarta.servlet.http.HttpServlet.service(HttpServlet.java:590)
	at org.springframework.web.servlet.FrameworkServlet.service(FrameworkServlet.java:885)
	at jakarta.servlet.http.HttpServlet.service(HttpServlet.java:658)
	at org.apache.catalina.core.ApplicationFilterChain.internalDoFilter(ApplicationFilterChain.java:195)
	at org.apache.catalina.core.ApplicationFilterChain.doFilter(ApplicationFilterChain.java:140)
	at org.apache.tomcat.websocket.server.WsFilter.doFilter(WsFilter.java:51)
	at org.apache.catalina.core.ApplicationFilterChain.internalDoFilter(ApplicationFilterChain.java:164)
	at org.apache.catalina.core.ApplicationFilterChain.doFilter(ApplicationFilterChain.java:140)
	at org.springframework.web.filter.RequestContextFilter.doFilterInternal(RequestContextFilter.java:100)
	at org.springframework.web.filter.OncePerRequestFilter.doFilter(OncePerRequestFilter.java:116)
	at org.apache.catalina.core.ApplicationFilterChain.internalDoFilter(ApplicationFilterChain.java:164)
	at org.apache.catalina.core.ApplicationFilterChain.doFilter(ApplicationFilterChain.java:140)
	at org.springframework.web.filter.FormContentFilter.doFilterInternal(FormContentFilter.java:93)
	at org.springframework.web.filter.OncePerRequestFilter.doFilter(OncePerRequestFilter.java:116)
	at org.apache.catalina.core.ApplicationFilterChain.internalDoFilter(ApplicationFilterChain.java:164)
	at org.apache.catalina.core.ApplicationFilterChain.doFilter(ApplicationFilterChain.java:140)
	at org.springframework.web.filter.CharacterEncodingFilter.doFilterInternal(CharacterEncodingFilter.java:201)
	at org.springframework.web.filter.OncePerRequestFilter.doFilter(OncePerRequestFilter.java:116)
	at org.apache.catalina.core.ApplicationFilterChain.internalDoFilter(ApplicationFilterChain.java:164)
	at org.apache.catalina.core.ApplicationFilterChain.doFilter(ApplicationFilterChain.java:140)
	at org.apache.catalina.core.StandardWrapperValve.invoke(StandardWrapperValve.java:167)
	at org.apache.catalina.core.StandardContextValve.invoke(StandardContextValve.java:90)
	at org.apache.catalina.authenticator.AuthenticatorBase.invoke(AuthenticatorBase.java:483)
	at org.apache.catalina.core.StandardHostValve.invoke(StandardHostValve.java:115)
	at org.apache.catalina.valves.ErrorReportValve.invoke(ErrorReportValve.java:93)
	at org.apache.catalina.core.StandardEngineValve.invoke(StandardEngineValve.java:74)
	at org.apache.catalina.connector.CoyoteAdapter.service(CoyoteAdapter.java:344)
	at org.apache.coyote.http11.Http11Processor.service(Http11Processor.java:397)
	at org.apache.coyote.AbstractProcessorLight.process(AbstractProcessorLight.java:63)
	at org.apache.coyote.AbstractProtocol$ConnectionHandler.process(AbstractProtocol.java:905)
	at org.apache.tomcat.util.net.NioEndpoint$SocketProcessor.doRun(NioEndpoint.java:1743)
	at org.apache.tomcat.util.net.SocketProcessorBase.run(SocketProcessorBase.java:52)
	at org.apache.tomcat.util.threads.ThreadPoolExecutor.runWorker(ThreadPoolExecutor.java:1190)
	at org.apache.tomcat.util.threads.ThreadPoolExecutor$Worker.run(ThreadPoolExecutor.java:659)
	at org.apache.tomcat.util.threads.TaskThread$WrappingRunnable.run(TaskThread.java:63)
	at java.base/java.lang.Thread.run(Thread.java:1583)
17:35:00.800 INFO  [background-preinit]org.hibernate.validator.internal.util.Version - HV000001: Hibernate Validator 8.0.2.Final
17:35:00.840 INFO  [main]com.example.quiz13.Quiz13Application - Starting Quiz13Application using Java 21.0.5 with PID 73880 (C:\learnFullstack\java\java_project\quiz13\bin\main started by user in C:\learnFullstack\java\java_project\quiz13)
17:35:00.841 INFO  [main]com.example.quiz13.Quiz13Application - No active profile set, falling back to 1 default profile: "default"
17:35:01.340 INFO  [main]o.s.d.r.config.RepositoryConfigurationDelegate - Bootstrapping Spring Data JPA repositories in DEFAULT mode.
17:35:01.391 INFO  [main]o.s.d.r.config.RepositoryConfigurationDelegate - Finished Spring Data repository scanning in 44 ms. Found 3 JPA repository interfaces.
17:35:01.786 INFO  [main]o.s.boot.web.embedded.tomcat.TomcatWebServer - Tomcat initialized with port 8080 (http)
17:35:01.798 INFO  [main]org.apache.coyote.http11.Http11NioProtocol - Initializing ProtocolHandler ["http-nio-8080"]
17:35:01.799 INFO  [main]org.apache.catalina.core.StandardService - Starting service [Tomcat]
17:35:01.799 INFO  [main]org.apache.catalina.core.StandardEngine - Starting Servlet engine: [Apache Tomcat/10.1.39]
17:35:01.853 INFO  [main]o.a.c.core.ContainerBase.[Tomcat].[localhost].[/] - Initializing Spring embedded WebApplicationContext
17:35:01.853 INFO  [main]o.s.b.w.s.c.ServletWebServerApplicationContext - Root WebApplicationContext: initialization completed in 987 ms
17:35:01.959 INFO  [main]com.zaxxer.hikari.HikariDataSource - HikariPool-1 - Starting...
17:35:02.089 INFO  [main]com.zaxxer.hikari.pool.HikariPool - HikariPool-1 - Added connection com.mysql.cj.jdbc.ConnectionImpl@172f4514
17:35:02.091 INFO  [main]com.zaxxer.hikari.HikariDataSource - HikariPool-1 - Start completed.
17:35:02.123 INFO  [main]org.hibernate.jpa.internal.util.LogHelper - HHH000204: Processing PersistenceUnitInfo [name: default]
17:35:02.154 INFO  [main]org.hibernate.Version - HHH000412: Hibernate ORM core version 6.6.11.Final
17:35:02.183 INFO  [main]o.hibernate.cache.internal.RegionFactoryInitiator - HHH000026: Second-level cache disabled
17:35:02.423 INFO  [main]o.s.o.j.persistenceunit.SpringPersistenceUnitInfo - No LoadTimeWeaver setup: ignoring JPA class transformer
17:35:02.505 INFO  [main]org.hibernate.orm.connections.pooling - HHH10001005: Database info:
	Database JDBC URL [Connecting through datasource 'HikariDataSource (HikariPool-1)']
	Database driver: undefined/unknown
	Database version: 8.0.41
	Autocommit mode: undefined/unknown
	Isolation level: undefined/unknown
	Minimum pool size: undefined/unknown
	Maximum pool size: undefined/unknown
17:35:02.703 WARN  [main]org.hibernate.mapping.RootClass - HHH000038: Composite-id class does not override equals(): com.example.quiz13.entity.QuestionId
17:35:02.703 WARN  [main]org.hibernate.mapping.RootClass - HHH000039: Composite-id class does not override hashCode(): com.example.quiz13.entity.QuestionId
17:35:02.703 WARN  [main]org.hibernate.mapping.RootClass - HHH000038: Composite-id class does not override equals(): com.example.quiz13.entity.FeedbackId
17:35:02.703 WARN  [main]org.hibernate.mapping.RootClass - HHH000039: Composite-id class does not override hashCode(): com.example.quiz13.entity.FeedbackId
17:35:03.038 INFO  [main]o.h.e.t.jta.platform.internal.JtaPlatformInitiator - HHH000489: No JTA platform available (set 'hibernate.transaction.jta.platform' to enable JTA platform integration)
17:35:03.040 INFO  [main]o.s.orm.jpa.LocalContainerEntityManagerFactoryBean - Initialized JPA EntityManagerFactory for persistence unit 'default'
17:35:03.261 INFO  [main]o.s.data.jpa.repository.query.QueryEnhancerFactory - Hibernate is in classpath; If applicable, HQL parser will be used.
17:35:03.921 WARN  [main]o.s.b.a.o.j.JpaBaseConfiguration$JpaWebConfiguration - spring.jpa.open-in-view is enabled by default. Therefore, database queries may be performed during view rendering. Explicitly configure spring.jpa.open-in-view to disable this warning
17:35:04.217 INFO  [main]org.apache.coyote.http11.Http11NioProtocol - Starting ProtocolHandler ["http-nio-8080"]
17:35:04.232 INFO  [main]o.s.boot.web.embedded.tomcat.TomcatWebServer - Tomcat started on port 8080 (http) with context path '/'
17:35:04.238 INFO  [main]com.example.quiz13.Quiz13Application - Started Quiz13Application in 3.769 seconds (process running for 3.991)
17:35:18.810 INFO  [http-nio-8080-exec-2]o.a.c.core.ContainerBase.[Tomcat].[localhost].[/] - Initializing Spring DispatcherServlet 'dispatcherServlet'
17:35:18.810 INFO  [http-nio-8080-exec-2]org.springframework.web.servlet.DispatcherServlet - Initializing Servlet 'dispatcherServlet'
17:35:18.811 INFO  [http-nio-8080-exec-2]org.springframework.web.servlet.DispatcherServlet - Completed initialization in 1 ms
17:35:19.542 WARN  [http-nio-8080-exec-2]org.hibernate.engine.jdbc.spi.SqlExceptionHelper - SQL Error: 1054, SQLState: 42S22
17:35:19.543 ERROR [http-nio-8080-exec-2]org.hibernate.engine.jdbc.spi.SqlExceptionHelper - Unknown column 'id' in 'where clause'
17:35:19.552 ERROR [http-nio-8080-exec-2]o.a.c.c.C.[.[localhost].[/].[dispatcherServlet] - Servlet.service() for servlet [dispatcherServlet] in context with path [] threw exception [Request processing failed: org.springframework.transaction.UnexpectedRollbackException: Transaction silently rolled back because it has been marked as rollback-only] with root cause
org.springframework.transaction.UnexpectedRollbackException: Transaction silently rolled back because it has been marked as rollback-only
	at org.springframework.transaction.support.AbstractPlatformTransactionManager.processCommit(AbstractPlatformTransactionManager.java:804)
	at org.springframework.transaction.support.AbstractPlatformTransactionManager.commit(AbstractPlatformTransactionManager.java:758)
	at org.springframework.transaction.interceptor.TransactionAspectSupport.commitTransactionAfterReturning(TransactionAspectSupport.java:698)
	at org.springframework.transaction.interceptor.TransactionAspectSupport.invokeWithinTransaction(TransactionAspectSupport.java:416)
	at org.springframework.transaction.interceptor.TransactionInterceptor.invoke(TransactionInterceptor.java:119)
	at org.springframework.aop.framework.ReflectiveMethodInvocation.proceed(ReflectiveMethodInvocation.java:184)
	at org.springframework.aop.framework.CglibAopProxy$DynamicAdvisedInterceptor.intercept(CglibAopProxy.java:727)
	at com.example.quiz13.service.impl.QuizServiceImpl$$SpringCGLIB$$0.update(<generated>)
	at com.example.quiz13.controller.QuizServiceController.update(QuizServiceController.java:52)
	at java.base/jdk.internal.reflect.DirectMethodHandleAccessor.invoke(DirectMethodHandleAccessor.java:103)
	at java.base/java.lang.reflect.Method.invoke(Method.java:580)
	at org.springframework.web.method.support.InvocableHandlerMethod.doInvoke(InvocableHandlerMethod.java:258)
	at org.springframework.web.method.support.InvocableHandlerMethod.invokeForRequest(InvocableHandlerMethod.java:191)
	at org.springframework.web.servlet.mvc.method.annotation.ServletInvocableHandlerMethod.invokeAndHandle(ServletInvocableHandlerMethod.java:118)
	at org.springframework.web.servlet.mvc.method.annotation.RequestMappingHandlerAdapter.invokeHandlerMethod(RequestMappingHandlerAdapter.java:986)
	at org.springframework.web.servlet.mvc.method.annotation.RequestMappingHandlerAdapter.handleInternal(RequestMappingHandlerAdapter.java:891)
	at org.springframework.web.servlet.mvc.method.AbstractHandlerMethodAdapter.handle(AbstractHandlerMethodAdapter.java:87)
	at org.springframework.web.servlet.DispatcherServlet.doDispatch(DispatcherServlet.java:1089)
	at org.springframework.web.servlet.DispatcherServlet.doService(DispatcherServlet.java:979)
	at org.springframework.web.servlet.FrameworkServlet.processRequest(FrameworkServlet.java:1014)
	at org.springframework.web.servlet.FrameworkServlet.doPost(FrameworkServlet.java:914)
	at jakarta.servlet.http.HttpServlet.service(HttpServlet.java:590)
	at org.springframework.web.servlet.FrameworkServlet.service(FrameworkServlet.java:885)
	at jakarta.servlet.http.HttpServlet.service(HttpServlet.java:658)
	at org.apache.catalina.core.ApplicationFilterChain.internalDoFilter(ApplicationFilterChain.java:195)
	at org.apache.catalina.core.ApplicationFilterChain.doFilter(ApplicationFilterChain.java:140)
	at org.apache.tomcat.websocket.server.WsFilter.doFilter(WsFilter.java:51)
	at org.apache.catalina.core.ApplicationFilterChain.internalDoFilter(ApplicationFilterChain.java:164)
	at org.apache.catalina.core.ApplicationFilterChain.doFilter(ApplicationFilterChain.java:140)
	at org.springframework.web.filter.RequestContextFilter.doFilterInternal(RequestContextFilter.java:100)
	at org.springframework.web.filter.OncePerRequestFilter.doFilter(OncePerRequestFilter.java:116)
	at org.apache.catalina.core.ApplicationFilterChain.internalDoFilter(ApplicationFilterChain.java:164)
	at org.apache.catalina.core.ApplicationFilterChain.doFilter(ApplicationFilterChain.java:140)
	at org.springframework.web.filter.FormContentFilter.doFilterInternal(FormContentFilter.java:93)
	at org.springframework.web.filter.OncePerRequestFilter.doFilter(OncePerRequestFilter.java:116)
	at org.apache.catalina.core.ApplicationFilterChain.internalDoFilter(ApplicationFilterChain.java:164)
	at org.apache.catalina.core.ApplicationFilterChain.doFilter(ApplicationFilterChain.java:140)
	at org.springframework.web.filter.CharacterEncodingFilter.doFilterInternal(CharacterEncodingFilter.java:201)
	at org.springframework.web.filter.OncePerRequestFilter.doFilter(OncePerRequestFilter.java:116)
	at org.apache.catalina.core.ApplicationFilterChain.internalDoFilter(ApplicationFilterChain.java:164)
	at org.apache.catalina.core.ApplicationFilterChain.doFilter(ApplicationFilterChain.java:140)
	at org.apache.catalina.core.StandardWrapperValve.invoke(StandardWrapperValve.java:167)
	at org.apache.catalina.core.StandardContextValve.invoke(StandardContextValve.java:90)
	at org.apache.catalina.authenticator.AuthenticatorBase.invoke(AuthenticatorBase.java:483)
	at org.apache.catalina.core.StandardHostValve.invoke(StandardHostValve.java:115)
	at org.apache.catalina.valves.ErrorReportValve.invoke(ErrorReportValve.java:93)
	at org.apache.catalina.core.StandardEngineValve.invoke(StandardEngineValve.java:74)
	at org.apache.catalina.connector.CoyoteAdapter.service(CoyoteAdapter.java:344)
	at org.apache.coyote.http11.Http11Processor.service(Http11Processor.java:397)
	at org.apache.coyote.AbstractProcessorLight.process(AbstractProcessorLight.java:63)
	at org.apache.coyote.AbstractProtocol$ConnectionHandler.process(AbstractProtocol.java:905)
	at org.apache.tomcat.util.net.NioEndpoint$SocketProcessor.doRun(NioEndpoint.java:1743)
	at org.apache.tomcat.util.net.SocketProcessorBase.run(SocketProcessorBase.java:52)
	at org.apache.tomcat.util.threads.ThreadPoolExecutor.runWorker(ThreadPoolExecutor.java:1190)
	at org.apache.tomcat.util.threads.ThreadPoolExecutor$Worker.run(ThreadPoolExecutor.java:659)
	at org.apache.tomcat.util.threads.TaskThread$WrappingRunnable.run(TaskThread.java:63)
	at java.base/java.lang.Thread.run(Thread.java:1583)
17:36:39.927 INFO  [background-preinit]org.hibernate.validator.internal.util.Version - HV000001: Hibernate Validator 8.0.2.Final
17:36:39.985 INFO  [main]com.example.quiz13.Quiz13Application - Starting Quiz13Application using Java 21.0.5 with PID 75760 (C:\learnFullstack\java\java_project\quiz13\bin\main started by user in C:\learnFullstack\java\java_project\quiz13)
17:36:39.986 INFO  [main]com.example.quiz13.Quiz13Application - No active profile set, falling back to 1 default profile: "default"
17:36:40.711 INFO  [main]o.s.d.r.config.RepositoryConfigurationDelegate - Bootstrapping Spring Data JPA repositories in DEFAULT mode.
17:36:40.777 INFO  [main]o.s.d.r.config.RepositoryConfigurationDelegate - Finished Spring Data repository scanning in 56 ms. Found 3 JPA repository interfaces.
17:36:41.282 INFO  [main]o.s.boot.web.embedded.tomcat.TomcatWebServer - Tomcat initialized with port 8080 (http)
17:36:41.297 INFO  [main]org.apache.coyote.http11.Http11NioProtocol - Initializing ProtocolHandler ["http-nio-8080"]
17:36:41.300 INFO  [main]org.apache.catalina.core.StandardService - Starting service [Tomcat]
17:36:41.300 INFO  [main]org.apache.catalina.core.StandardEngine - Starting Servlet engine: [Apache Tomcat/10.1.39]
17:36:41.363 INFO  [main]o.a.c.core.ContainerBase.[Tomcat].[localhost].[/] - Initializing Spring embedded WebApplicationContext
17:36:41.363 INFO  [main]o.s.b.w.s.c.ServletWebServerApplicationContext - Root WebApplicationContext: initialization completed in 1335 ms
17:36:41.543 INFO  [main]com.zaxxer.hikari.HikariDataSource - HikariPool-1 - Starting...
17:36:41.794 INFO  [main]com.zaxxer.hikari.pool.HikariPool - HikariPool-1 - Added connection com.mysql.cj.jdbc.ConnectionImpl@46bb0bdf
17:36:41.797 INFO  [main]com.zaxxer.hikari.HikariDataSource - HikariPool-1 - Start completed.
17:36:41.851 INFO  [main]org.hibernate.jpa.internal.util.LogHelper - HHH000204: Processing PersistenceUnitInfo [name: default]
17:36:41.926 INFO  [main]org.hibernate.Version - HHH000412: Hibernate ORM core version 6.6.11.Final
17:36:41.971 INFO  [main]o.hibernate.cache.internal.RegionFactoryInitiator - HHH000026: Second-level cache disabled
17:36:42.297 INFO  [main]o.s.o.j.persistenceunit.SpringPersistenceUnitInfo - No LoadTimeWeaver setup: ignoring JPA class transformer
17:36:42.406 INFO  [main]org.hibernate.orm.connections.pooling - HHH10001005: Database info:
	Database JDBC URL [Connecting through datasource 'HikariDataSource (HikariPool-1)']
	Database driver: undefined/unknown
	Database version: 8.0.41
	Autocommit mode: undefined/unknown
	Isolation level: undefined/unknown
	Minimum pool size: undefined/unknown
	Maximum pool size: undefined/unknown
17:36:42.694 WARN  [main]org.hibernate.mapping.RootClass - HHH000038: Composite-id class does not override equals(): com.example.quiz13.entity.QuestionId
17:36:42.695 WARN  [main]org.hibernate.mapping.RootClass - HHH000039: Composite-id class does not override hashCode(): com.example.quiz13.entity.QuestionId
17:36:42.695 WARN  [main]org.hibernate.mapping.RootClass - HHH000038: Composite-id class does not override equals(): com.example.quiz13.entity.FeedbackId
17:36:42.695 WARN  [main]org.hibernate.mapping.RootClass - HHH000039: Composite-id class does not override hashCode(): com.example.quiz13.entity.FeedbackId
17:36:43.090 INFO  [main]o.h.e.t.jta.platform.internal.JtaPlatformInitiator - HHH000489: No JTA platform available (set 'hibernate.transaction.jta.platform' to enable JTA platform integration)
17:36:43.092 INFO  [main]o.s.orm.jpa.LocalContainerEntityManagerFactoryBean - Initialized JPA EntityManagerFactory for persistence unit 'default'
17:36:43.290 INFO  [main]o.s.data.jpa.repository.query.QueryEnhancerFactory - Hibernate is in classpath; If applicable, HQL parser will be used.
17:36:43.988 WARN  [main]o.s.b.a.o.j.JpaBaseConfiguration$JpaWebConfiguration - spring.jpa.open-in-view is enabled by default. Therefore, database queries may be performed during view rendering. Explicitly configure spring.jpa.open-in-view to disable this warning
17:36:44.385 INFO  [main]org.apache.coyote.http11.Http11NioProtocol - Starting ProtocolHandler ["http-nio-8080"]
17:36:44.410 INFO  [main]o.s.boot.web.embedded.tomcat.TomcatWebServer - Tomcat started on port 8080 (http) with context path '/'
17:36:44.422 INFO  [main]com.example.quiz13.Quiz13Application - Started Quiz13Application in 4.897 seconds (process running for 5.276)
17:36:52.827 INFO  [http-nio-8080-exec-2]o.a.c.core.ContainerBase.[Tomcat].[localhost].[/] - Initializing Spring DispatcherServlet 'dispatcherServlet'
17:36:52.827 INFO  [http-nio-8080-exec-2]org.springframework.web.servlet.DispatcherServlet - Initializing Servlet 'dispatcherServlet'
17:36:52.828 INFO  [http-nio-8080-exec-2]org.springframework.web.servlet.DispatcherServlet - Completed initialization in 1 ms
17:38:00.883 WARN  [http-nio-8080-exec-2]org.hibernate.engine.jdbc.spi.SqlExceptionHelper - SQL Error: 1054, SQLState: 42S22
17:38:00.885 ERROR [http-nio-8080-exec-2]org.hibernate.engine.jdbc.spi.SqlExceptionHelper - Unknown column 'id' in 'where clause'
17:40:27.122 INFO  [background-preinit]org.hibernate.validator.internal.util.Version - HV000001: Hibernate Validator 8.0.2.Final
17:40:27.166 INFO  [main]com.example.quiz13.Quiz13Application - Starting Quiz13Application using Java 21.0.5 with PID 68856 (C:\learnFullstack\java\java_project\quiz13\bin\main started by user in C:\learnFullstack\java\java_project\quiz13)
17:40:27.166 INFO  [main]com.example.quiz13.Quiz13Application - No active profile set, falling back to 1 default profile: "default"
17:40:27.680 INFO  [main]o.s.d.r.config.RepositoryConfigurationDelegate - Bootstrapping Spring Data JPA repositories in DEFAULT mode.
17:40:27.742 INFO  [main]o.s.d.r.config.RepositoryConfigurationDelegate - Finished Spring Data repository scanning in 52 ms. Found 3 JPA repository interfaces.
17:40:28.150 INFO  [main]o.s.boot.web.embedded.tomcat.TomcatWebServer - Tomcat initialized with port 8080 (http)
17:40:28.161 INFO  [main]org.apache.coyote.http11.Http11NioProtocol - Initializing ProtocolHandler ["http-nio-8080"]
17:40:28.162 INFO  [main]org.apache.catalina.core.StandardService - Starting service [Tomcat]
17:40:28.162 INFO  [main]org.apache.catalina.core.StandardEngine - Starting Servlet engine: [Apache Tomcat/10.1.39]
17:40:28.209 INFO  [main]o.a.c.core.ContainerBase.[Tomcat].[localhost].[/] - Initializing Spring embedded WebApplicationContext
17:40:28.209 INFO  [main]o.s.b.w.s.c.ServletWebServerApplicationContext - Root WebApplicationContext: initialization completed in 1017 ms
17:40:28.327 INFO  [main]com.zaxxer.hikari.HikariDataSource - HikariPool-1 - Starting...
17:40:28.458 INFO  [main]com.zaxxer.hikari.pool.HikariPool - HikariPool-1 - Added connection com.mysql.cj.jdbc.ConnectionImpl@172f4514
17:40:28.459 INFO  [main]com.zaxxer.hikari.HikariDataSource - HikariPool-1 - Start completed.
17:40:28.486 INFO  [main]org.hibernate.jpa.internal.util.LogHelper - HHH000204: Processing PersistenceUnitInfo [name: default]
17:40:28.518 INFO  [main]org.hibernate.Version - HHH000412: Hibernate ORM core version 6.6.11.Final
17:40:28.547 INFO  [main]o.hibernate.cache.internal.RegionFactoryInitiator - HHH000026: Second-level cache disabled
17:40:28.781 INFO  [main]o.s.o.j.persistenceunit.SpringPersistenceUnitInfo - No LoadTimeWeaver setup: ignoring JPA class transformer
17:40:28.856 INFO  [main]org.hibernate.orm.connections.pooling - HHH10001005: Database info:
	Database JDBC URL [Connecting through datasource 'HikariDataSource (HikariPool-1)']
	Database driver: undefined/unknown
	Database version: 8.0.41
	Autocommit mode: undefined/unknown
	Isolation level: undefined/unknown
	Minimum pool size: undefined/unknown
	Maximum pool size: undefined/unknown
17:40:29.053 WARN  [main]org.hibernate.mapping.RootClass - HHH000038: Composite-id class does not override equals(): com.example.quiz13.entity.QuestionId
17:40:29.054 WARN  [main]org.hibernate.mapping.RootClass - HHH000039: Composite-id class does not override hashCode(): com.example.quiz13.entity.QuestionId
17:40:29.054 WARN  [main]org.hibernate.mapping.RootClass - HHH000038: Composite-id class does not override equals(): com.example.quiz13.entity.FeedbackId
17:40:29.054 WARN  [main]org.hibernate.mapping.RootClass - HHH000039: Composite-id class does not override hashCode(): com.example.quiz13.entity.FeedbackId
17:40:29.382 INFO  [main]o.h.e.t.jta.platform.internal.JtaPlatformInitiator - HHH000489: No JTA platform available (set 'hibernate.transaction.jta.platform' to enable JTA platform integration)
17:40:29.385 INFO  [main]o.s.orm.jpa.LocalContainerEntityManagerFactoryBean - Initialized JPA EntityManagerFactory for persistence unit 'default'
17:40:29.575 INFO  [main]o.s.data.jpa.repository.query.QueryEnhancerFactory - Hibernate is in classpath; If applicable, HQL parser will be used.
17:40:30.261 WARN  [main]o.s.b.a.o.j.JpaBaseConfiguration$JpaWebConfiguration - spring.jpa.open-in-view is enabled by default. Therefore, database queries may be performed during view rendering. Explicitly configure spring.jpa.open-in-view to disable this warning
17:40:30.559 INFO  [main]org.apache.coyote.http11.Http11NioProtocol - Starting ProtocolHandler ["http-nio-8080"]
17:40:30.580 INFO  [main]o.s.boot.web.embedded.tomcat.TomcatWebServer - Tomcat started on port 8080 (http) with context path '/'
17:40:30.588 INFO  [main]com.example.quiz13.Quiz13Application - Started Quiz13Application in 3.796 seconds (process running for 4.02)
17:40:41.239 INFO  [http-nio-8080-exec-3]o.a.c.core.ContainerBase.[Tomcat].[localhost].[/] - Initializing Spring DispatcherServlet 'dispatcherServlet'
17:40:41.239 INFO  [http-nio-8080-exec-3]org.springframework.web.servlet.DispatcherServlet - Initializing Servlet 'dispatcherServlet'
17:40:41.240 INFO  [http-nio-8080-exec-3]org.springframework.web.servlet.DispatcherServlet - Completed initialization in 1 ms
17:40:41.784 WARN  [http-nio-8080-exec-3]org.hibernate.engine.jdbc.spi.SqlExceptionHelper - SQL Error: 1054, SQLState: 42S22
17:40:41.784 ERROR [http-nio-8080-exec-3]org.hibernate.engine.jdbc.spi.SqlExceptionHelper - Unknown column 'name' in 'field list'
17:40:41.792 ERROR [http-nio-8080-exec-3]o.a.c.c.C.[.[localhost].[/].[dispatcherServlet] - Servlet.service() for servlet [dispatcherServlet] in context with path [] threw exception [Request processing failed: org.springframework.transaction.UnexpectedRollbackException: Transaction silently rolled back because it has been marked as rollback-only] with root cause
org.springframework.transaction.UnexpectedRollbackException: Transaction silently rolled back because it has been marked as rollback-only
	at org.springframework.transaction.support.AbstractPlatformTransactionManager.processCommit(AbstractPlatformTransactionManager.java:804)
	at org.springframework.transaction.support.AbstractPlatformTransactionManager.commit(AbstractPlatformTransactionManager.java:758)
	at org.springframework.transaction.interceptor.TransactionAspectSupport.commitTransactionAfterReturning(TransactionAspectSupport.java:698)
	at org.springframework.transaction.interceptor.TransactionAspectSupport.invokeWithinTransaction(TransactionAspectSupport.java:416)
	at org.springframework.transaction.interceptor.TransactionInterceptor.invoke(TransactionInterceptor.java:119)
	at org.springframework.aop.framework.ReflectiveMethodInvocation.proceed(ReflectiveMethodInvocation.java:184)
	at org.springframework.aop.framework.CglibAopProxy$DynamicAdvisedInterceptor.intercept(CglibAopProxy.java:727)
	at com.example.quiz13.service.impl.QuizServiceImpl$$SpringCGLIB$$0.update(<generated>)
	at com.example.quiz13.controller.QuizServiceController.update(QuizServiceController.java:52)
	at java.base/jdk.internal.reflect.DirectMethodHandleAccessor.invoke(DirectMethodHandleAccessor.java:103)
	at java.base/java.lang.reflect.Method.invoke(Method.java:580)
	at org.springframework.web.method.support.InvocableHandlerMethod.doInvoke(InvocableHandlerMethod.java:258)
	at org.springframework.web.method.support.InvocableHandlerMethod.invokeForRequest(InvocableHandlerMethod.java:191)
	at org.springframework.web.servlet.mvc.method.annotation.ServletInvocableHandlerMethod.invokeAndHandle(ServletInvocableHandlerMethod.java:118)
	at org.springframework.web.servlet.mvc.method.annotation.RequestMappingHandlerAdapter.invokeHandlerMethod(RequestMappingHandlerAdapter.java:986)
	at org.springframework.web.servlet.mvc.method.annotation.RequestMappingHandlerAdapter.handleInternal(RequestMappingHandlerAdapter.java:891)
	at org.springframework.web.servlet.mvc.method.AbstractHandlerMethodAdapter.handle(AbstractHandlerMethodAdapter.java:87)
	at org.springframework.web.servlet.DispatcherServlet.doDispatch(DispatcherServlet.java:1089)
	at org.springframework.web.servlet.DispatcherServlet.doService(DispatcherServlet.java:979)
	at org.springframework.web.servlet.FrameworkServlet.processRequest(FrameworkServlet.java:1014)
	at org.springframework.web.servlet.FrameworkServlet.doPost(FrameworkServlet.java:914)
	at jakarta.servlet.http.HttpServlet.service(HttpServlet.java:590)
	at org.springframework.web.servlet.FrameworkServlet.service(FrameworkServlet.java:885)
	at jakarta.servlet.http.HttpServlet.service(HttpServlet.java:658)
	at org.apache.catalina.core.ApplicationFilterChain.internalDoFilter(ApplicationFilterChain.java:195)
	at org.apache.catalina.core.ApplicationFilterChain.doFilter(ApplicationFilterChain.java:140)
	at org.apache.tomcat.websocket.server.WsFilter.doFilter(WsFilter.java:51)
	at org.apache.catalina.core.ApplicationFilterChain.internalDoFilter(ApplicationFilterChain.java:164)
	at org.apache.catalina.core.ApplicationFilterChain.doFilter(ApplicationFilterChain.java:140)
	at org.springframework.web.filter.RequestContextFilter.doFilterInternal(RequestContextFilter.java:100)
	at org.springframework.web.filter.OncePerRequestFilter.doFilter(OncePerRequestFilter.java:116)
	at org.apache.catalina.core.ApplicationFilterChain.internalDoFilter(ApplicationFilterChain.java:164)
	at org.apache.catalina.core.ApplicationFilterChain.doFilter(ApplicationFilterChain.java:140)
	at org.springframework.web.filter.FormContentFilter.doFilterInternal(FormContentFilter.java:93)
	at org.springframework.web.filter.OncePerRequestFilter.doFilter(OncePerRequestFilter.java:116)
	at org.apache.catalina.core.ApplicationFilterChain.internalDoFilter(ApplicationFilterChain.java:164)
	at org.apache.catalina.core.ApplicationFilterChain.doFilter(ApplicationFilterChain.java:140)
	at org.springframework.web.filter.CharacterEncodingFilter.doFilterInternal(CharacterEncodingFilter.java:201)
	at org.springframework.web.filter.OncePerRequestFilter.doFilter(OncePerRequestFilter.java:116)
	at org.apache.catalina.core.ApplicationFilterChain.internalDoFilter(ApplicationFilterChain.java:164)
	at org.apache.catalina.core.ApplicationFilterChain.doFilter(ApplicationFilterChain.java:140)
	at org.apache.catalina.core.StandardWrapperValve.invoke(StandardWrapperValve.java:167)
	at org.apache.catalina.core.StandardContextValve.invoke(StandardContextValve.java:90)
	at org.apache.catalina.authenticator.AuthenticatorBase.invoke(AuthenticatorBase.java:483)
	at org.apache.catalina.core.StandardHostValve.invoke(StandardHostValve.java:115)
	at org.apache.catalina.valves.ErrorReportValve.invoke(ErrorReportValve.java:93)
	at org.apache.catalina.core.StandardEngineValve.invoke(StandardEngineValve.java:74)
	at org.apache.catalina.connector.CoyoteAdapter.service(CoyoteAdapter.java:344)
	at org.apache.coyote.http11.Http11Processor.service(Http11Processor.java:397)
	at org.apache.coyote.AbstractProcessorLight.process(AbstractProcessorLight.java:63)
	at org.apache.coyote.AbstractProtocol$ConnectionHandler.process(AbstractProtocol.java:905)
	at org.apache.tomcat.util.net.NioEndpoint$SocketProcessor.doRun(NioEndpoint.java:1743)
	at org.apache.tomcat.util.net.SocketProcessorBase.run(SocketProcessorBase.java:52)
	at org.apache.tomcat.util.threads.ThreadPoolExecutor.runWorker(ThreadPoolExecutor.java:1190)
	at org.apache.tomcat.util.threads.ThreadPoolExecutor$Worker.run(ThreadPoolExecutor.java:659)
	at org.apache.tomcat.util.threads.TaskThread$WrappingRunnable.run(TaskThread.java:63)
	at java.base/java.lang.Thread.run(Thread.java:1583)
17:41:13.898 INFO  [background-preinit]org.hibernate.validator.internal.util.Version - HV000001: Hibernate Validator 8.0.2.Final
17:41:13.950 INFO  [main]com.example.quiz13.Quiz13Application - Starting Quiz13Application using Java 21.0.5 with PID 80240 (C:\learnFullstack\java\java_project\quiz13\bin\main started by user in C:\learnFullstack\java\java_project\quiz13)
17:41:13.951 INFO  [main]com.example.quiz13.Quiz13Application - No active profile set, falling back to 1 default profile: "default"
17:41:14.621 INFO  [main]o.s.d.r.config.RepositoryConfigurationDelegate - Bootstrapping Spring Data JPA repositories in DEFAULT mode.
17:41:14.704 INFO  [main]o.s.d.r.config.RepositoryConfigurationDelegate - Finished Spring Data repository scanning in 71 ms. Found 3 JPA repository interfaces.
17:41:15.182 INFO  [main]o.s.boot.web.embedded.tomcat.TomcatWebServer - Tomcat initialized with port 8080 (http)
17:41:15.196 INFO  [main]org.apache.coyote.http11.Http11NioProtocol - Initializing ProtocolHandler ["http-nio-8080"]
17:41:15.197 INFO  [main]org.apache.catalina.core.StandardService - Starting service [Tomcat]
17:41:15.197 INFO  [main]org.apache.catalina.core.StandardEngine - Starting Servlet engine: [Apache Tomcat/10.1.39]
17:41:15.257 INFO  [main]o.a.c.core.ContainerBase.[Tomcat].[localhost].[/] - Initializing Spring embedded WebApplicationContext
17:41:15.257 INFO  [main]o.s.b.w.s.c.ServletWebServerApplicationContext - Root WebApplicationContext: initialization completed in 1267 ms
17:41:15.403 INFO  [main]com.zaxxer.hikari.HikariDataSource - HikariPool-1 - Starting...
17:41:15.620 INFO  [main]com.zaxxer.hikari.pool.HikariPool - HikariPool-1 - Added connection com.mysql.cj.jdbc.ConnectionImpl@20256a0b
17:41:15.622 INFO  [main]com.zaxxer.hikari.HikariDataSource - HikariPool-1 - Start completed.
17:41:15.667 INFO  [main]org.hibernate.jpa.internal.util.LogHelper - HHH000204: Processing PersistenceUnitInfo [name: default]
17:41:15.736 INFO  [main]org.hibernate.Version - HHH000412: Hibernate ORM core version 6.6.11.Final
17:41:15.781 INFO  [main]o.hibernate.cache.internal.RegionFactoryInitiator - HHH000026: Second-level cache disabled
17:41:16.116 INFO  [main]o.s.o.j.persistenceunit.SpringPersistenceUnitInfo - No LoadTimeWeaver setup: ignoring JPA class transformer
17:41:16.206 INFO  [main]org.hibernate.orm.connections.pooling - HHH10001005: Database info:
	Database JDBC URL [Connecting through datasource 'HikariDataSource (HikariPool-1)']
	Database driver: undefined/unknown
	Database version: 8.0.41
	Autocommit mode: undefined/unknown
	Isolation level: undefined/unknown
	Minimum pool size: undefined/unknown
	Maximum pool size: undefined/unknown
17:41:16.479 WARN  [main]org.hibernate.mapping.RootClass - HHH000038: Composite-id class does not override equals(): com.example.quiz13.entity.QuestionId
17:41:16.479 WARN  [main]org.hibernate.mapping.RootClass - HHH000039: Composite-id class does not override hashCode(): com.example.quiz13.entity.QuestionId
17:41:16.479 WARN  [main]org.hibernate.mapping.RootClass - HHH000038: Composite-id class does not override equals(): com.example.quiz13.entity.FeedbackId
17:41:16.479 WARN  [main]org.hibernate.mapping.RootClass - HHH000039: Composite-id class does not override hashCode(): com.example.quiz13.entity.FeedbackId
17:41:16.909 INFO  [main]o.h.e.t.jta.platform.internal.JtaPlatformInitiator - HHH000489: No JTA platform available (set 'hibernate.transaction.jta.platform' to enable JTA platform integration)
17:41:16.911 INFO  [main]o.s.orm.jpa.LocalContainerEntityManagerFactoryBean - Initialized JPA EntityManagerFactory for persistence unit 'default'
17:41:17.110 INFO  [main]o.s.data.jpa.repository.query.QueryEnhancerFactory - Hibernate is in classpath; If applicable, HQL parser will be used.
17:41:17.845 WARN  [main]o.s.b.a.o.j.JpaBaseConfiguration$JpaWebConfiguration - spring.jpa.open-in-view is enabled by default. Therefore, database queries may be performed during view rendering. Explicitly configure spring.jpa.open-in-view to disable this warning
17:41:18.293 INFO  [main]org.apache.coyote.http11.Http11NioProtocol - Starting ProtocolHandler ["http-nio-8080"]
17:41:18.319 INFO  [main]o.s.boot.web.embedded.tomcat.TomcatWebServer - Tomcat started on port 8080 (http) with context path '/'
17:41:18.329 INFO  [main]com.example.quiz13.Quiz13Application - Started Quiz13Application in 4.835 seconds (process running for 5.208)
17:41:20.068 INFO  [http-nio-8080-exec-2]o.a.c.core.ContainerBase.[Tomcat].[localhost].[/] - Initializing Spring DispatcherServlet 'dispatcherServlet'
17:41:20.068 INFO  [http-nio-8080-exec-2]org.springframework.web.servlet.DispatcherServlet - Initializing Servlet 'dispatcherServlet'
17:41:20.069 INFO  [http-nio-8080-exec-2]org.springframework.web.servlet.DispatcherServlet - Completed initialization in 1 ms
17:41:57.453 WARN  [http-nio-8080-exec-2]org.hibernate.engine.jdbc.spi.SqlExceptionHelper - SQL Error: 1054, SQLState: 42S22
17:41:57.455 ERROR [http-nio-8080-exec-2]org.hibernate.engine.jdbc.spi.SqlExceptionHelper - Unknown column 'name' in 'field list'
17:43:01.028 INFO  [background-preinit]org.hibernate.validator.internal.util.Version - HV000001: Hibernate Validator 8.0.2.Final
17:43:01.081 INFO  [main]com.example.quiz13.Quiz13Application - Starting Quiz13Application using Java 21.0.5 with PID 73360 (C:\learnFullstack\java\java_project\quiz13\bin\main started by user in C:\learnFullstack\java\java_project\quiz13)
17:43:01.082 INFO  [main]com.example.quiz13.Quiz13Application - No active profile set, falling back to 1 default profile: "default"
17:43:01.762 INFO  [main]o.s.d.r.config.RepositoryConfigurationDelegate - Bootstrapping Spring Data JPA repositories in DEFAULT mode.
17:43:01.828 INFO  [main]o.s.d.r.config.RepositoryConfigurationDelegate - Finished Spring Data repository scanning in 57 ms. Found 3 JPA repository interfaces.
17:43:02.337 INFO  [main]o.s.boot.web.embedded.tomcat.TomcatWebServer - Tomcat initialized with port 8080 (http)
17:43:02.354 INFO  [main]org.apache.coyote.http11.Http11NioProtocol - Initializing ProtocolHandler ["http-nio-8080"]
17:43:02.355 INFO  [main]org.apache.catalina.core.StandardService - Starting service [Tomcat]
17:43:02.355 INFO  [main]org.apache.catalina.core.StandardEngine - Starting Servlet engine: [Apache Tomcat/10.1.39]
17:43:02.420 INFO  [main]o.a.c.core.ContainerBase.[Tomcat].[localhost].[/] - Initializing Spring embedded WebApplicationContext
17:43:02.420 INFO  [main]o.s.b.w.s.c.ServletWebServerApplicationContext - Root WebApplicationContext: initialization completed in 1299 ms
17:43:02.575 INFO  [main]com.zaxxer.hikari.HikariDataSource - HikariPool-1 - Starting...
17:43:02.796 INFO  [main]com.zaxxer.hikari.pool.HikariPool - HikariPool-1 - Added connection com.mysql.cj.jdbc.ConnectionImpl@6e95973c
17:43:02.799 INFO  [main]com.zaxxer.hikari.HikariDataSource - HikariPool-1 - Start completed.
17:43:02.842 INFO  [main]org.hibernate.jpa.internal.util.LogHelper - HHH000204: Processing PersistenceUnitInfo [name: default]
17:43:02.904 INFO  [main]org.hibernate.Version - HHH000412: Hibernate ORM core version 6.6.11.Final
17:43:02.945 INFO  [main]o.hibernate.cache.internal.RegionFactoryInitiator - HHH000026: Second-level cache disabled
17:43:03.257 INFO  [main]o.s.o.j.persistenceunit.SpringPersistenceUnitInfo - No LoadTimeWeaver setup: ignoring JPA class transformer
17:43:03.342 INFO  [main]org.hibernate.orm.connections.pooling - HHH10001005: Database info:
	Database JDBC URL [Connecting through datasource 'HikariDataSource (HikariPool-1)']
	Database driver: undefined/unknown
	Database version: 8.0.41
	Autocommit mode: undefined/unknown
	Isolation level: undefined/unknown
	Minimum pool size: undefined/unknown
	Maximum pool size: undefined/unknown
17:43:03.631 WARN  [main]org.hibernate.mapping.RootClass - HHH000038: Composite-id class does not override equals(): com.example.quiz13.entity.QuestionId
17:43:03.631 WARN  [main]org.hibernate.mapping.RootClass - HHH000039: Composite-id class does not override hashCode(): com.example.quiz13.entity.QuestionId
17:43:03.632 WARN  [main]org.hibernate.mapping.RootClass - HHH000038: Composite-id class does not override equals(): com.example.quiz13.entity.FeedbackId
17:43:03.632 WARN  [main]org.hibernate.mapping.RootClass - HHH000039: Composite-id class does not override hashCode(): com.example.quiz13.entity.FeedbackId
17:43:04.050 INFO  [main]o.h.e.t.jta.platform.internal.JtaPlatformInitiator - HHH000489: No JTA platform available (set 'hibernate.transaction.jta.platform' to enable JTA platform integration)
17:43:04.052 INFO  [main]o.s.orm.jpa.LocalContainerEntityManagerFactoryBean - Initialized JPA EntityManagerFactory for persistence unit 'default'
17:43:04.289 INFO  [main]o.s.data.jpa.repository.query.QueryEnhancerFactory - Hibernate is in classpath; If applicable, HQL parser will be used.
17:43:05.054 WARN  [main]o.s.b.a.o.j.JpaBaseConfiguration$JpaWebConfiguration - spring.jpa.open-in-view is enabled by default. Therefore, database queries may be performed during view rendering. Explicitly configure spring.jpa.open-in-view to disable this warning
17:43:05.478 INFO  [main]org.apache.coyote.http11.Http11NioProtocol - Starting ProtocolHandler ["http-nio-8080"]
17:43:05.528 INFO  [main]o.s.boot.web.embedded.tomcat.TomcatWebServer - Tomcat started on port 8080 (http) with context path '/'
17:43:05.539 INFO  [main]com.example.quiz13.Quiz13Application - Started Quiz13Application in 4.92 seconds (process running for 5.304)
17:43:06.496 INFO  [http-nio-8080-exec-1]o.a.c.core.ContainerBase.[Tomcat].[localhost].[/] - Initializing Spring DispatcherServlet 'dispatcherServlet'
17:43:06.496 INFO  [http-nio-8080-exec-1]org.springframework.web.servlet.DispatcherServlet - Initializing Servlet 'dispatcherServlet'
17:43:06.498 INFO  [http-nio-8080-exec-1]org.springframework.web.servlet.DispatcherServlet - Completed initialization in 0 ms
17:43:47.054 INFO  [background-preinit]org.hibernate.validator.internal.util.Version - HV000001: Hibernate Validator 8.0.2.Final
17:43:47.097 INFO  [main]com.example.quiz13.Quiz13Application - Starting Quiz13Application using Java 21.0.5 with PID 72448 (C:\learnFullstack\java\java_project\quiz13\bin\main started by user in C:\learnFullstack\java\java_project\quiz13)
17:43:47.097 INFO  [main]com.example.quiz13.Quiz13Application - No active profile set, falling back to 1 default profile: "default"
17:43:47.607 INFO  [main]o.s.d.r.config.RepositoryConfigurationDelegate - Bootstrapping Spring Data JPA repositories in DEFAULT mode.
17:43:47.658 INFO  [main]o.s.d.r.config.RepositoryConfigurationDelegate - Finished Spring Data repository scanning in 43 ms. Found 3 JPA repository interfaces.
17:43:48.054 INFO  [main]o.s.boot.web.embedded.tomcat.TomcatWebServer - Tomcat initialized with port 8080 (http)
17:43:48.064 INFO  [main]org.apache.coyote.http11.Http11NioProtocol - Initializing ProtocolHandler ["http-nio-8080"]
17:43:48.066 INFO  [main]org.apache.catalina.core.StandardService - Starting service [Tomcat]
17:43:48.066 INFO  [main]org.apache.catalina.core.StandardEngine - Starting Servlet engine: [Apache Tomcat/10.1.39]
17:43:48.119 INFO  [main]o.a.c.core.ContainerBase.[Tomcat].[localhost].[/] - Initializing Spring embedded WebApplicationContext
17:43:48.119 INFO  [main]o.s.b.w.s.c.ServletWebServerApplicationContext - Root WebApplicationContext: initialization completed in 996 ms
17:43:48.253 INFO  [main]com.zaxxer.hikari.HikariDataSource - HikariPool-1 - Starting...
17:43:48.379 INFO  [main]com.zaxxer.hikari.pool.HikariPool - HikariPool-1 - Added connection com.mysql.cj.jdbc.ConnectionImpl@1578b8ec
17:43:48.382 INFO  [main]com.zaxxer.hikari.HikariDataSource - HikariPool-1 - Start completed.
17:43:48.408 INFO  [main]org.hibernate.jpa.internal.util.LogHelper - HHH000204: Processing PersistenceUnitInfo [name: default]
17:43:48.437 INFO  [main]org.hibernate.Version - HHH000412: Hibernate ORM core version 6.6.11.Final
17:43:48.463 INFO  [main]o.hibernate.cache.internal.RegionFactoryInitiator - HHH000026: Second-level cache disabled
17:43:48.680 INFO  [main]o.s.o.j.persistenceunit.SpringPersistenceUnitInfo - No LoadTimeWeaver setup: ignoring JPA class transformer
17:43:48.754 INFO  [main]org.hibernate.orm.connections.pooling - HHH10001005: Database info:
	Database JDBC URL [Connecting through datasource 'HikariDataSource (HikariPool-1)']
	Database driver: undefined/unknown
	Database version: 8.0.41
	Autocommit mode: undefined/unknown
	Isolation level: undefined/unknown
	Minimum pool size: undefined/unknown
	Maximum pool size: undefined/unknown
17:43:48.936 WARN  [main]org.hibernate.mapping.RootClass - HHH000038: Composite-id class does not override equals(): com.example.quiz13.entity.QuestionId
17:43:48.936 WARN  [main]org.hibernate.mapping.RootClass - HHH000039: Composite-id class does not override hashCode(): com.example.quiz13.entity.QuestionId
17:43:48.937 WARN  [main]org.hibernate.mapping.RootClass - HHH000038: Composite-id class does not override equals(): com.example.quiz13.entity.FeedbackId
17:43:48.937 WARN  [main]org.hibernate.mapping.RootClass - HHH000039: Composite-id class does not override hashCode(): com.example.quiz13.entity.FeedbackId
17:43:49.247 INFO  [main]o.h.e.t.jta.platform.internal.JtaPlatformInitiator - HHH000489: No JTA platform available (set 'hibernate.transaction.jta.platform' to enable JTA platform integration)
17:43:49.249 INFO  [main]o.s.orm.jpa.LocalContainerEntityManagerFactoryBean - Initialized JPA EntityManagerFactory for persistence unit 'default'
17:43:49.466 INFO  [main]o.s.data.jpa.repository.query.QueryEnhancerFactory - Hibernate is in classpath; If applicable, HQL parser will be used.
17:43:50.117 WARN  [main]o.s.b.a.o.j.JpaBaseConfiguration$JpaWebConfiguration - spring.jpa.open-in-view is enabled by default. Therefore, database queries may be performed during view rendering. Explicitly configure spring.jpa.open-in-view to disable this warning
17:43:50.409 INFO  [main]org.apache.coyote.http11.Http11NioProtocol - Starting ProtocolHandler ["http-nio-8080"]
17:43:50.427 INFO  [main]o.s.boot.web.embedded.tomcat.TomcatWebServer - Tomcat started on port 8080 (http) with context path '/'
17:43:50.437 INFO  [main]com.example.quiz13.Quiz13Application - Started Quiz13Application in 3.703 seconds (process running for 3.928)
17:43:54.316 INFO  [http-nio-8080-exec-1]o.a.c.core.ContainerBase.[Tomcat].[localhost].[/] - Initializing Spring DispatcherServlet 'dispatcherServlet'
17:43:54.316 INFO  [http-nio-8080-exec-1]org.springframework.web.servlet.DispatcherServlet - Initializing Servlet 'dispatcherServlet'
17:43:54.317 INFO  [http-nio-8080-exec-1]org.springframework.web.servlet.DispatcherServlet - Completed initialization in 1 ms
17:48:42.069 INFO  [background-preinit]org.hibernate.validator.internal.util.Version - HV000001: Hibernate Validator 8.0.2.Final
17:48:42.111 INFO  [main]com.example.quiz13.Quiz13Application - Starting Quiz13Application using Java 21.0.5 with PID 78232 (C:\learnFullstack\java\java_project\quiz13\bin\main started by user in C:\learnFullstack\java\java_project\quiz13)
17:48:42.113 INFO  [main]com.example.quiz13.Quiz13Application - No active profile set, falling back to 1 default profile: "default"
17:48:42.618 INFO  [main]o.s.d.r.config.RepositoryConfigurationDelegate - Bootstrapping Spring Data JPA repositories in DEFAULT mode.
17:48:42.671 INFO  [main]o.s.d.r.config.RepositoryConfigurationDelegate - Finished Spring Data repository scanning in 45 ms. Found 3 JPA repository interfaces.
17:48:43.108 INFO  [main]o.s.boot.web.embedded.tomcat.TomcatWebServer - Tomcat initialized with port 8080 (http)
17:48:43.121 INFO  [main]org.apache.coyote.http11.Http11NioProtocol - Initializing ProtocolHandler ["http-nio-8080"]
17:48:43.123 INFO  [main]org.apache.catalina.core.StandardService - Starting service [Tomcat]
17:48:43.123 INFO  [main]org.apache.catalina.core.StandardEngine - Starting Servlet engine: [Apache Tomcat/10.1.39]
17:48:43.184 INFO  [main]o.a.c.core.ContainerBase.[Tomcat].[localhost].[/] - Initializing Spring embedded WebApplicationContext
17:48:43.184 INFO  [main]o.s.b.w.s.c.ServletWebServerApplicationContext - Root WebApplicationContext: initialization completed in 1046 ms
17:48:43.311 INFO  [main]com.zaxxer.hikari.HikariDataSource - HikariPool-1 - Starting...
17:48:43.452 INFO  [main]com.zaxxer.hikari.pool.HikariPool - HikariPool-1 - Added connection com.mysql.cj.jdbc.ConnectionImpl@6da4feeb
17:48:43.453 INFO  [main]com.zaxxer.hikari.HikariDataSource - HikariPool-1 - Start completed.
17:48:43.480 INFO  [main]org.hibernate.jpa.internal.util.LogHelper - HHH000204: Processing PersistenceUnitInfo [name: default]
17:48:43.509 INFO  [main]org.hibernate.Version - HHH000412: Hibernate ORM core version 6.6.11.Final
17:48:43.534 INFO  [main]o.hibernate.cache.internal.RegionFactoryInitiator - HHH000026: Second-level cache disabled
17:48:43.758 INFO  [main]o.s.o.j.persistenceunit.SpringPersistenceUnitInfo - No LoadTimeWeaver setup: ignoring JPA class transformer
17:48:43.835 INFO  [main]org.hibernate.orm.connections.pooling - HHH10001005: Database info:
	Database JDBC URL [Connecting through datasource 'HikariDataSource (HikariPool-1)']
	Database driver: undefined/unknown
	Database version: 8.0.41
	Autocommit mode: undefined/unknown
	Isolation level: undefined/unknown
	Minimum pool size: undefined/unknown
	Maximum pool size: undefined/unknown
17:48:44.011 WARN  [main]org.hibernate.mapping.RootClass - HHH000038: Composite-id class does not override equals(): com.example.quiz13.entity.QuestionId
17:48:44.011 WARN  [main]org.hibernate.mapping.RootClass - HHH000039: Composite-id class does not override hashCode(): com.example.quiz13.entity.QuestionId
17:48:44.011 WARN  [main]org.hibernate.mapping.RootClass - HHH000038: Composite-id class does not override equals(): com.example.quiz13.entity.FeedbackId
17:48:44.011 WARN  [main]org.hibernate.mapping.RootClass - HHH000039: Composite-id class does not override hashCode(): com.example.quiz13.entity.FeedbackId
17:48:44.328 INFO  [main]o.h.e.t.jta.platform.internal.JtaPlatformInitiator - HHH000489: No JTA platform available (set 'hibernate.transaction.jta.platform' to enable JTA platform integration)
17:48:44.330 INFO  [main]o.s.orm.jpa.LocalContainerEntityManagerFactoryBean - Initialized JPA EntityManagerFactory for persistence unit 'default'
17:48:44.548 INFO  [main]o.s.data.jpa.repository.query.QueryEnhancerFactory - Hibernate is in classpath; If applicable, HQL parser will be used.
17:48:45.200 WARN  [main]o.s.b.a.o.j.JpaBaseConfiguration$JpaWebConfiguration - spring.jpa.open-in-view is enabled by default. Therefore, database queries may be performed during view rendering. Explicitly configure spring.jpa.open-in-view to disable this warning
17:48:45.498 INFO  [main]org.apache.coyote.http11.Http11NioProtocol - Starting ProtocolHandler ["http-nio-8080"]
17:48:45.503 WARN  [main]o.s.b.w.s.c.AnnotationConfigServletWebServerApplicationContext - Exception encountered during context initialization - cancelling refresh attempt: org.springframework.context.ApplicationContextException: Failed to start bean 'webServerStartStop'
17:48:45.504 INFO  [main]o.s.orm.jpa.LocalContainerEntityManagerFactoryBean - Closing JPA EntityManagerFactory for persistence unit 'default'
17:48:45.507 INFO  [main]com.zaxxer.hikari.HikariDataSource - HikariPool-1 - Shutdown initiated...
17:48:45.512 INFO  [main]com.zaxxer.hikari.HikariDataSource - HikariPool-1 - Shutdown completed.
17:48:45.521 INFO  [main]o.s.b.a.logging.ConditionEvaluationReportLogger - 

Error starting ApplicationContext. To display the condition evaluation report re-run your application with 'debug' enabled.
17:48:45.535 ERROR [main]o.s.b.diagnostics.LoggingFailureAnalysisReporter - 

***************************
APPLICATION FAILED TO START
***************************

Description:

Web server failed to start. Port 8080 was already in use.

Action:

Identify and stop the process that's listening on port 8080 or configure this application to listen on another port.

17:49:06.873 INFO  [background-preinit]org.hibernate.validator.internal.util.Version - HV000001: Hibernate Validator 8.0.2.Final
17:49:06.918 INFO  [main]com.example.quiz13.Quiz13Application - Starting Quiz13Application using Java 21.0.5 with PID 81192 (C:\learnFullstack\java\java_project\quiz13\bin\main started by user in C:\learnFullstack\java\java_project\quiz13)
17:49:06.919 INFO  [main]com.example.quiz13.Quiz13Application - No active profile set, falling back to 1 default profile: "default"
17:49:07.418 INFO  [main]o.s.d.r.config.RepositoryConfigurationDelegate - Bootstrapping Spring Data JPA repositories in DEFAULT mode.
17:49:07.474 INFO  [main]o.s.d.r.config.RepositoryConfigurationDelegate - Finished Spring Data repository scanning in 46 ms. Found 3 JPA repository interfaces.
17:49:07.902 INFO  [main]o.s.boot.web.embedded.tomcat.TomcatWebServer - Tomcat initialized with port 8080 (http)
17:49:07.915 INFO  [main]org.apache.coyote.http11.Http11NioProtocol - Initializing ProtocolHandler ["http-nio-8080"]
17:49:07.918 INFO  [main]org.apache.catalina.core.StandardService - Starting service [Tomcat]
17:49:07.918 INFO  [main]org.apache.catalina.core.StandardEngine - Starting Servlet engine: [Apache Tomcat/10.1.39]
17:49:07.968 INFO  [main]o.a.c.core.ContainerBase.[Tomcat].[localhost].[/] - Initializing Spring embedded WebApplicationContext
17:49:07.968 INFO  [main]o.s.b.w.s.c.ServletWebServerApplicationContext - Root WebApplicationContext: initialization completed in 1024 ms
17:49:08.087 INFO  [main]com.zaxxer.hikari.HikariDataSource - HikariPool-1 - Starting...
17:49:08.244 INFO  [main]com.zaxxer.hikari.pool.HikariPool - HikariPool-1 - Added connection com.mysql.cj.jdbc.ConnectionImpl@88b76f2
17:49:08.247 INFO  [main]com.zaxxer.hikari.HikariDataSource - HikariPool-1 - Start completed.
17:49:08.282 INFO  [main]org.hibernate.jpa.internal.util.LogHelper - HHH000204: Processing PersistenceUnitInfo [name: default]
17:49:08.318 INFO  [main]org.hibernate.Version - HHH000412: Hibernate ORM core version 6.6.11.Final
17:49:08.346 INFO  [main]o.hibernate.cache.internal.RegionFactoryInitiator - HHH000026: Second-level cache disabled
17:49:08.569 INFO  [main]o.s.o.j.persistenceunit.SpringPersistenceUnitInfo - No LoadTimeWeaver setup: ignoring JPA class transformer
17:49:08.639 INFO  [main]org.hibernate.orm.connections.pooling - HHH10001005: Database info:
	Database JDBC URL [Connecting through datasource 'HikariDataSource (HikariPool-1)']
	Database driver: undefined/unknown
	Database version: 8.0.41
	Autocommit mode: undefined/unknown
	Isolation level: undefined/unknown
	Minimum pool size: undefined/unknown
	Maximum pool size: undefined/unknown
17:49:08.828 WARN  [main]org.hibernate.mapping.RootClass - HHH000038: Composite-id class does not override equals(): com.example.quiz13.entity.QuestionId
17:49:08.829 WARN  [main]org.hibernate.mapping.RootClass - HHH000039: Composite-id class does not override hashCode(): com.example.quiz13.entity.QuestionId
17:49:08.829 WARN  [main]org.hibernate.mapping.RootClass - HHH000038: Composite-id class does not override equals(): com.example.quiz13.entity.FeedbackId
17:49:08.829 WARN  [main]org.hibernate.mapping.RootClass - HHH000039: Composite-id class does not override hashCode(): com.example.quiz13.entity.FeedbackId
17:49:09.141 INFO  [main]o.h.e.t.jta.platform.internal.JtaPlatformInitiator - HHH000489: No JTA platform available (set 'hibernate.transaction.jta.platform' to enable JTA platform integration)
17:49:09.145 INFO  [main]o.s.orm.jpa.LocalContainerEntityManagerFactoryBean - Initialized JPA EntityManagerFactory for persistence unit 'default'
17:49:09.359 INFO  [main]o.s.data.jpa.repository.query.QueryEnhancerFactory - Hibernate is in classpath; If applicable, HQL parser will be used.
17:49:10.017 WARN  [main]o.s.b.a.o.j.JpaBaseConfiguration$JpaWebConfiguration - spring.jpa.open-in-view is enabled by default. Therefore, database queries may be performed during view rendering. Explicitly configure spring.jpa.open-in-view to disable this warning
17:49:10.338 INFO  [main]org.apache.coyote.http11.Http11NioProtocol - Starting ProtocolHandler ["http-nio-8080"]
17:49:10.353 INFO  [main]o.s.boot.web.embedded.tomcat.TomcatWebServer - Tomcat started on port 8080 (http) with context path '/'
17:49:10.358 INFO  [main]com.example.quiz13.Quiz13Application - Started Quiz13Application in 3.825 seconds (process running for 4.047)
17:49:15.623 INFO  [http-nio-8080-exec-2]o.a.c.core.ContainerBase.[Tomcat].[localhost].[/] - Initializing Spring DispatcherServlet 'dispatcherServlet'
17:49:15.623 INFO  [http-nio-8080-exec-2]org.springframework.web.servlet.DispatcherServlet - Initializing Servlet 'dispatcherServlet'
17:49:15.624 INFO  [http-nio-8080-exec-2]org.springframework.web.servlet.DispatcherServlet - Completed initialization in 1 ms
